Customer_ID,First_Name,Last_Name,Gender,Age,Country
1,Richard,Walters,Female,42,India
2,Joseph,Walsh,Male,65,Egypt
3,Brooke,Brown,Male,35,France
4,James,Ruiz,Female,47,UK
5,Theresa,Vasquez,Male,41,Turkey
6,Mike,Warren,Male,28,Qatar
7,Whitney,Fritz,Male,49,UK
8,George,Fox,Male,23,Canada
9,Pamela,Herrera,Female,53,Saudi Arabia
10,Patricia,Potts,Male,32,Canada
11,Raymond,Morrow,Female,69,France
12,Ryan,Lopez,Male,66,Germany
13,Chad,Rivera,Male,29,Canada
14,Samantha,Long,Female,63,UAE
15,Jennifer,Huerta,Male,59,Germany
16,Andrea,Hicks,Male,52,India
17,Donald,Lee,Male,69,UK
18,Robin,Decker,Male,66,Canada
19,Bridget,Black,Female,61,Saudi Arabia
20,John,Cortez,Female,46,Australia
21,John,Hernandez,Female,60,UK
22,Erin,Jacobs,Male,67,Germany
23,Kim,James,Male,41,USA
24,Brett,Villanueva,Female,54,India
25,Roy,Obrien,Male,48,Italy
26,Chad,Robinson,Male,49,Canada
27,Jeremiah,Soto,Female,66,Egypt
28,Paul,Palmer,Male,52,Turkey
29,Autumn,Hunter,Female,44,Saudi Arabia
30,Patrick,Woods,Female,42,UAE
31,Sarah,Williams,Female,57,Australia
32,Susan,Fitzgerald,Female,70,Spain
33,Tammy,Freeman,Male,28,India
34,Michelle,Johnson,Female,45,Qatar
35,Brandi,Lawson,Male,29,UAE
36,Roy,Ward,Male,39,Qatar
37,Johnathan,Leonard,Male,33,Egypt
38,Alison,Hill,Female,64,Canada
39,Samuel,Mayo,Female,27,India
40,Angela,Mcdonald,Male,33,Jordan
41,Brandon,Kelley,Male,53,UK
42,Jesus,Williams,Female,65,Turkey
43,William,Walker,Male,32,Australia
44,Jorge,Lam,Female,59,Qatar
45,Kevin,Bush,Male,41,Canada
46,Sarah,Ramos,Male,63,Australia
47,Ralph,Brooks,Female,39,India
48,Monica,Melendez,Female,24,France
49,Levi,Anderson,Female,43,Canada
50,Steven,Stephens,Female,23,France
51,Anthony,Bryant,Female,46,India
52,Haley,Roman,Male,42,Turkey
53,Susan,Williams,Male,69,Australia
54,Sean,Bell,Female,54,Australia
55,Bethany,Fletcher,Female,67,Jordan
56,Nicholas,Weaver,Male,44,Jordan
57,Annette,Miller,Female,55,Jordan
58,Christy,Walton,Male,52,Canada
59,Sabrina,Haley,Female,49,USA
60,Derek,Rosales,Male,67,Saudi Arabia
61,Becky,Hernandez,Male,26,Jordan
62,Christopher,Santana,Female,55,Qatar
63,Jamie,Diaz,Male,22,Qatar
64,Dennis,Rowe,Female,43,Germany
65,Megan,Blair,Male,68,UK
66,Peter,Berry,Female,47,Jordan
67,Ronald,Smith,Female,51,Jordan
68,Patrick,Parker,Male,60,Canada
69,Andrew,Nichols,Female,30,USA
70,Maureen,Morrison,Female,56,Qatar
71,Joel,Bennett,Female,68,UK
72,Gina,Ramos,Male,63,Saudi Arabia
73,Jermaine,Henry,Female,33,Qatar
74,Lauren,George,Female,66,India
75,Timothy,Miller,Female,55,Italy
76,Eric,Allen,Female,31,UK
77,William,Simon,Female,61,Jordan
78,Amy,Smith,Male,39,Turkey
79,Ethan,Smith,Female,41,UK
80,Jose,Day,Male,29,Saudi Arabia
81,Annette,Medina,Female,67,Canada
82,John,Trujillo,Male,66,Jordan
83,Melanie,Conrad,Female,21,Turkey
84,Kim,Ware,Male,67,Egypt
85,Alexis,Bryant,Female,35,Jordan
86,Jessica,Jones,Male,63,Turkey
87,Kimberly,Griffith,Female,22,Australia
88,Marcus,Beard,Male,20,Canada
89,Patricia,Smith,Male,68,Turkey
90,Paul,Graham,Female,58,Qatar
91,Michael,Solis,Male,24,Spain
92,David,Hampton,Male,50,India
93,Anna,Simpson,Female,31,USA
94,Erin,Levine,Male,54,Canada
95,Dana,Ramos,Female,38,Qatar
96,Renee,Garcia,Male,24,Italy
97,Daniel,Donovan,Female,47,Canada
98,Paul,Johnson,Male,45,Jordan
99,Heather,Orozco,Male,43,Egypt
100,Mariah,Deleon,Male,23,Jordan
101,Jennifer,Wood,Female,48,Turkey
102,Tracy,Moore,Male,27,Qatar
103,Donna,Clark,Female,36,Turkey
104,Brian,Davis,Male,59,UAE
105,Morgan,Carlson,Female,41,India
106,Debra,Dickerson,Male,33,Spain
107,Deborah,Black,Male,37,France
108,Raymond,Cunningham,Female,23,Saudi Arabia
109,Andrew,Brown,Female,36,Germany
110,Victoria,Berger,Female,46,Saudi Arabia
111,Veronica,Harmon,Female,33,Germany
112,Bruce,Callahan,Female,26,UK
113,Julia,Spears,Male,40,Saudi Arabia
114,Claudia,Walker,Male,67,India
115,Jonathan,Benton,Female,42,Turkey
116,Scott,Reed,Female,33,Spain
117,Michael,Reed,Female,56,UK
118,Joyce,Cox,Male,19,Saudi Arabia
119,Dawn,Williams,Male,28,Qatar
120,Chad,Bryant,Female,44,USA
121,Lauren,Alvarez,Male,52,Egypt
122,Daniel,Thomas,Female,46,India
123,Jonathan,Mendez,Female,69,Germany
124,Michael,Roberts,Male,48,Spain
125,Diana,Brown,Male,64,Jordan
126,John,Roy,Female,43,Saudi Arabia
127,Morgan,Dean,Male,56,USA
128,Carla,Oconnell,Male,60,France
129,Mariah,Nguyen,Female,36,Qatar
130,Robert,Webb,Male,39,India
131,Shannon,Wilson,Male,44,Saudi Arabia
132,Blake,Heath,Female,56,Germany
133,Jill,Lowe,Male,26,Australia
134,Lisa,Arnold,Female,43,France
135,Alicia,Mcgee,Male,45,Germany
136,Stephanie,Martin,Female,23,Saudi Arabia
137,Ashley,Roberts,Female,54,UK
138,Lisa,Jones,Male,36,Qatar
139,Dana,Carr,Female,31,France
140,Dillon,Cooper,Male,29,Egypt
141,Elizabeth,Taylor,Male,66,Italy
142,Christina,Howell,Male,50,USA
143,Lorraine,Carter,Male,51,Australia
144,Kara,Johnson,Female,58,UAE
145,Michael,Barrera,Male,48,UAE
146,William,Holmes,Male,39,Egypt
147,Scott,Anderson,Male,58,Spain
148,Kathy,Hernandez,Female,62,Jordan
149,Erica,Miller,Male,30,Australia
150,Neil,Nguyen,Female,58,Qatar
151,Daniel,Hicks,Male,62,Qatar
152,Rachel,Rogers,Female,61,Jordan
153,Jessica,Rios,Male,45,Spain
154,Katherine,Lewis,Male,19,Canada
155,Charles,Delgado,Female,57,France
156,Steve,Martinez,Female,52,Italy
157,Leah,Benjamin,Male,62,Germany
158,Charles,Brown,Female,31,Spain
159,Richard,Hancock,Male,63,Spain
160,Joshua,Walton,Female,41,Jordan
161,Jason,Harrington,Female,41,Canada
162,Steven,Mitchell,Female,55,Australia
163,Haley,Hensley,Female,69,Qatar
164,Douglas,Moore,Male,35,Qatar
165,Gregory,Mora,Female,50,UK
166,Travis,Smith,Female,26,Jordan
167,Jessica,Alvarez,Male,38,Canada
168,Edward,Parsons,Female,46,France
169,Micheal,Pruitt,Male,60,Spain
170,Becky,Henry,Female,66,Jordan
171,Michelle,Carlson,Male,30,Turkey
172,Ashley,Hawkins,Male,18,UK
173,Amanda,Jackson,Male,50,Australia
174,Justin,Wheeler,Female,59,UAE
175,Jason,Grimes,Male,39,UK
176,Kathryn,Webb,Male,35,Australia
177,Tammy,Davis,Female,42,Canada
178,Mary,Dunn,Male,52,Qatar
179,Benjamin,Tapia,Male,69,France
180,Deborah,Clark,Male,38,Spain
181,Jose,Rose,Female,51,Egypt
182,Samantha,Davis,Male,33,Qatar
183,Lindsey,Thompson,Female,60,Italy
184,Gina,Carlson,Male,46,Italy
185,Catherine,Sutton,Male,43,UAE
186,Hunter,Smith,Female,49,Canada
187,Richard,Burns,Male,47,Jordan
188,Madison,Russo,Female,38,Spain
189,Joanne,Elliott,Male,22,Turkey
190,Stacey,Perry,Male,53,India
191,Mary,Palmer,Male,22,Turkey
192,Darren,Smith,Female,66,UK
193,Michael,Vaughn,Male,34,Qatar
194,Patricia,Patterson,Female,52,USA
195,Willie,Hamilton,Female,54,USA
196,Christopher,Tran,Male,64,France
197,Kathryn,Wells,Male,68,Jordan
198,Susan,Shepard,Male,33,Canada
199,Crystal,Williams,Male,53,Australia
200,Karen,Wilson,Female,43,Spain
201,David,Miller,Female,34,UK
202,Kathleen,Delgado,Male,20,Jordan
203,Gabriela,Quinn,Female,58,Canada
204,Kevin,Lewis,Male,56,Saudi Arabia
205,Andrew,Lopez,Male,44,Jordan
206,Kenneth,Morton,Male,49,Saudi Arabia
207,Travis,Howell,Male,49,Italy
208,Timothy,Perry,Male,68,Egypt
209,Molly,May,Male,24,France
210,Aaron,Simpson,Male,49,Italy
211,Jennifer,Taylor,Male,27,France
212,Pamela,Rodriguez,Male,30,Australia
213,Kyle,Brown,Male,69,Egypt
214,Cathy,Lee,Male,23,India
215,Darrell,Lee,Male,34,India
216,Leslie,Robinson,Male,46,Jordan
217,Tiffany,Wilkerson,Male,30,Canada
218,Nathan,Holden,Male,34,Australia
219,James,Walsh,Female,60,Turkey
220,Melinda,Gonzalez,Female,58,Qatar
221,Ronald,Harris,Male,50,Australia
222,Tommy,Garcia,Female,49,France
223,Sarah,Carpenter,Male,66,Qatar
224,Rose,Gill,Female,40,Canada
225,Colleen,Watson,Female,62,Germany
226,Stephanie,Santos,Female,18,Jordan
227,David,Merritt,Female,30,Turkey
228,Cory,Arnold,Female,35,UAE
229,Zachary,Harris,Female,27,Jordan
230,Mason,Jackson,Male,60,UAE
231,Melissa,George,Female,23,UAE
232,Bradley,Barry,Female,33,Jordan
233,Amy,Mitchell,Female,61,Australia
234,Christine,Tran,Male,33,Australia
235,Lori,Sweeney,Male,27,Jordan
236,Philip,Johnson,Female,34,Saudi Arabia
237,Dana,Patton,Male,61,USA
238,Anna,Rivera,Male,61,Saudi Arabia
239,Alexander,Brown,Male,20,Qatar
240,Daniel,Andrews,Female,19,Spain
241,Amanda,Gill,Male,58,Qatar
242,Michael,Cooper,Female,51,Jordan
243,Amy,Garcia,Female,32,UAE
244,Michael,Diaz,Female,56,UK
245,Nathan,Delacruz,Female,46,Germany
246,Chase,Morales,Female,57,Turkey
247,Dawn,Jackson,Female,55,Australia
248,Erin,Garcia,Male,25,UAE
249,Nancy,Rose,Male,54,Italy
250,Angela,Armstrong,Male,49,Egypt
251,Rebecca,Ferrell,Female,38,France
252,Hunter,Torres,Male,45,Germany
253,Morgan,Thompson,Male,20,Australia
254,Tasha,Rogers,Male,62,Egypt
255,Carol,Gray,Female,26,Jordan
256,Nathan,Jackson,Male,19,Saudi Arabia
257,Shaun,Smith,Female,58,Italy
258,Laura,Gonzalez,Male,52,Saudi Arabia
259,Brian,Schroeder,Male,52,UK
260,Thomas,Thomas,Female,39,Saudi Arabia
261,Ronald,Newton,Male,41,Australia
262,Anthony,Barton,Male,34,Turkey
263,Linda,Atkins,Female,25,Qatar
264,Jeffrey,Fernandez,Female,31,Germany
265,Jessica,Mercado,Female,27,Germany
266,Cathy,Davis,Male,36,Jordan
267,Alexis,Sanchez,Male,26,UK
268,Stacey,Johnson,Male,70,Jordan
269,Joshua,Carter,Male,53,Qatar
270,Christopher,Washington,Male,40,Canada
271,Marcus,Watson,Male,23,France
272,Elizabeth,Santiago,Male,26,France
273,Anna,Vincent,Female,42,Germany
274,Joshua,Martin,Female,32,Italy
275,Anthony,Watkins,Female,52,France
276,Richard,Sherman,Male,47,Egypt
277,Sarah,Ford,Male,27,Qatar
278,Sherry,Leon,Male,46,UK
279,Ross,Newton,Male,31,Italy
280,Walter,Gordon,Female,54,India
281,Keith,Lewis,Male,53,Germany
282,Michelle,Garcia,Male,21,Italy
283,Karen,King,Female,70,Qatar
284,Matthew,Curtis,Male,33,India
285,Peggy,Harvey,Male,57,Jordan
286,Tonya,Lopez,Male,53,Qatar
287,David,Vincent,Female,56,Jordan
288,Paige,Noble,Female,67,Turkey
289,Jeffrey,Davidson,Female,62,UK
290,Lisa,Eaton,Female,19,Italy
291,John,Campbell,Male,61,Canada
292,Susan,Hunt,Male,43,France
293,Kristina,Taylor,Female,69,Saudi Arabia
294,Christopher,Boyle,Female,45,Spain
295,Kevin,Carter,Male,52,Jordan
296,Cody,Horton,Female,28,India
297,David,Johnson,Male,56,Jordan
298,Lisa,Huff,Female,18,Australia
299,Connie,Moore,Female,59,Germany
300,Kenneth,Fox,Female,58,Egypt
301,Erin,Andrews,Female,20,Australia
302,George,Jones,Male,59,Turkey
303,Gary,Wang,Female,64,UK
304,Debra,Murphy,Male,19,India
305,Connor,Leach,Male,52,Germany
306,James,Long,Male,23,Germany
307,Justin,Rogers,Female,39,UAE
308,Briana,Castro,Male,65,France
309,Joanna,Miranda,Male,61,Canada
310,Jennifer,Myers,Male,34,Australia
311,Barbara,Kramer,Male,27,UAE
312,Theresa,Mcdonald,Female,51,Qatar
313,Douglas,Banks,Male,31,UK
314,Todd,Hamilton,Male,60,USA
315,Tina,Burke,Male,52,UAE
316,Luke,Williams,Male,45,Turkey
317,Sherri,Silva,Female,22,Egypt
318,Daniel,Kim,Female,67,Australia
319,Tina,Dougherty,Male,48,Qatar
320,Pamela,Marks,Male,49,Turkey
321,Juan,Smith,Male,40,Italy
322,Carrie,Hall,Female,32,Egypt
323,Jeffrey,Walters,Female,31,Qatar
324,Darrell,Fitzpatrick,Male,30,Saudi Arabia
325,Holly,Hall,Female,24,UAE
326,Elizabeth,Pierce,Female,21,Saudi Arabia
327,Jacob,Franklin,Male,52,UK
328,Stacey,Arnold,Male,51,India
329,Daniel,Jones,Male,35,France
330,Abigail,Cole,Male,27,Qatar
331,Sean,Lane,Male,28,Spain
332,Christina,Brown,Male,67,Germany
333,Matthew,Knight,Male,34,India
334,Jamie,Medina,Male,33,Spain
335,Marie,Sellers,Female,33,UK
336,Sandra,Wilson,Female,40,India
337,Kenneth,Sparks,Male,66,France
338,Kelly,Rodriguez,Male,18,UK
339,George,Palmer,Female,38,Italy
340,Michael,White,Female,21,UK
341,Cynthia,Simmons,Female,36,Canada
342,Ronald,Brown,Female,50,USA
343,Alexander,Beasley,Female,34,Germany
344,Christina,Jones,Male,33,Egypt
345,Jacob,Coleman,Female,40,Spain
346,Audrey,Gomez,Male,60,Canada
347,Joseph,Spears,Male,66,Spain
348,Maria,Gross,Female,50,India
349,Timothy,Smith,Male,57,Jordan
350,Kristen,Anderson,Male,58,France
351,Samuel,Porter,Female,53,USA
352,Michael,Hernandez,Female,57,Spain
353,Maria,Adams,Female,44,Jordan
354,Brianna,Ortiz,Female,28,Spain
355,Richard,Chandler,Male,52,Egypt
356,Carl,Mccarthy,Male,38,UAE
357,Danielle,Fowler,Male,35,Germany
358,Paul,Dudley,Male,37,Egypt
359,Chelsea,Neal,Male,64,Saudi Arabia
360,Claudia,Charles,Male,55,Germany
361,Michelle,Morales,Male,62,USA
362,Joseph,Garcia,Male,35,France
363,William,Carter,Male,28,UAE
364,Lynn,Schneider,Male,57,France
365,Natalie,Davis,Male,22,India
366,William,Nash,Female,46,Turkey
367,Douglas,Rivera,Female,37,France
368,Barbara,Pierce,Male,61,UK
369,Amanda,Harvey,Male,64,Canada
370,Edward,Fernandez,Male,44,Germany
371,Stephen,Nguyen,Male,48,Germany
372,Christian,Gonzalez,Female,47,UAE
373,Vanessa,Lee,Male,52,Australia
374,Sharon,Chavez,Female,36,UAE
375,Teresa,Johnson,Male,49,India
376,Stacy,Miller,Male,50,Egypt
377,Sheryl,Mann,Male,33,Italy
378,Joseph,Campos,Female,36,Germany
379,Heather,Gonzalez,Male,27,Qatar
380,Debra,Luna,Male,33,Turkey
381,Stephanie,Garcia,Male,42,Qatar
382,Amy,Bennett,Male,44,USA
383,Keith,Conway,Female,35,Jordan
384,Alexandra,Little,Female,32,Germany
385,Benjamin,Cook,Female,48,Turkey
386,Sandra,Crawford,Female,36,Saudi Arabia
387,Patricia,Hughes,Female,54,Saudi Arabia
388,Jason,Howell,Male,20,India
389,Carlos,Miranda,Female,25,Germany
390,Brianna,Arnold,Female,29,Australia
391,Susan,Cooper,Male,51,Jordan
392,Douglas,Kane,Female,50,Canada
393,Christian,Murphy,Male,36,Qatar
394,Sandra,Mills,Female,47,France
395,Patrick,Navarro,Male,20,UK
396,Benjamin,Bass,Male,23,Saudi Arabia
397,Samuel,Morris,Female,24,Qatar
398,Andrew,Wilson,Male,26,Australia
399,Zachary,Davis,Female,24,UK
400,Hunter,Hunt,Female,26,Qatar
401,David,Miller,Female,42,UAE
402,Riley,Hunter,Female,35,Canada
403,Kathleen,Mitchell,Male,21,France
404,Amber,Simmons,Female,69,Germany
405,Joshua,Hernandez,Female,51,Australia
406,Sarah,Miller,Male,41,Germany
407,Michael,Hughes,Male,35,Egypt
408,Sean,Smith,Female,50,USA
409,Gloria,Davis,Male,43,Egypt
410,Taylor,Owens,Female,22,Jordan
411,Joseph,Patterson,Male,38,Qatar
412,Jennifer,Shepard,Male,50,France
413,Paige,Barnes,Female,33,Germany
414,Tiffany,Greer,Female,45,Saudi Arabia
415,Tina,Cherry,Female,20,France
416,Olivia,Hicks,Female,61,Australia
417,Brandy,Peck,Male,70,France
418,Carlos,Carter,Male,35,Spain
419,Ashley,Daniel,Male,24,UK
420,Amy,Cox,Female,35,UAE
421,Kyle,Thompson,Male,52,Turkey
422,Todd,Brown,Male,37,Qatar
423,Dean,Gonzalez,Female,36,Turkey
424,Michael,Brown,Male,32,Jordan
425,Richard,Miller,Female,38,Jordan
426,Ronald,Jones,Male,68,Egypt
427,Jenny,Pugh,Female,60,USA
428,Colin,Fox,Male,22,Australia
429,Regina,Brennan,Male,24,France
430,Michael,Fisher,Female,41,Egypt
431,Melissa,Lyons,Male,42,USA
432,Jeremy,Benton,Male,41,Turkey
433,James,Hernandez,Male,39,Australia
434,Shawn,Bell,Male,61,Germany
435,Michael,Davis,Male,28,Egypt
436,Jill,Duarte,Male,48,Turkey
437,Danielle,Best,Female,68,Australia
438,Melissa,Pham,Male,25,Jordan
439,Jeffrey,Patterson,Female,66,UK
440,Linda,Ritter,Male,58,India
441,James,Stewart,Male,25,Canada
442,Maria,Obrien,Male,50,Australia
443,Alyssa,Garcia,Female,19,Jordan
444,Marc,Gray,Female,26,Spain
445,Robin,Anderson,Female,25,Qatar
446,Kelly,Allen,Female,52,France
447,Lindsay,King,Male,44,Germany
448,Tammy,Strickland,Male,48,USA
449,Veronica,Brady,Female,68,Canada
450,Kim,Mann,Male,19,France
451,Sarah,King,Female,60,Canada
452,Timothy,Davis,Female,56,Canada
453,Jessica,Ramos,Female,56,Turkey
454,Adam,Kelly,Male,47,Egypt
455,Diane,Fletcher,Male,33,UAE
456,Peter,Stevenson,Female,66,Saudi Arabia
457,Brian,Fitzgerald,Male,42,Australia
458,Kristina,Torres,Male,35,Qatar
459,Peter,Garcia,Female,38,Italy
460,Sandra,Schneider,Female,34,Canada
461,Nancy,Goodman,Female,42,Australia
462,Frank,Glover,Female,52,Egypt
463,Heidi,Thomas,Male,60,USA
464,Sara,Price,Male,29,Turkey
465,Kimberly,Nelson,Male,51,Spain
466,Tina,Hampton,Female,47,Italy
467,Michael,Bonilla,Female,45,UAE
468,Elizabeth,Quinn,Female,38,UAE
469,Taylor,Hall,Female,31,Italy
470,Leslie,Perez,Female,67,Jordan
471,Joseph,Lee,Male,25,Spain
472,Roberto,Howard,Female,21,Germany
473,Shannon,Phelps,Male,28,Qatar
474,Barry,Gill,Female,27,Canada
475,Veronica,Wright,Female,25,Spain
476,Amy,Brown,Male,60,Australia
477,Javier,Chapman,Male,37,UK
478,Brandon,Peters,Male,62,Canada
479,Sandra,Conley,Female,27,Egypt
480,Chad,Wilson,Male,49,Saudi Arabia
481,Robert,Butler,Male,36,Spain
482,Luke,Larsen,Female,48,Jordan
483,Benjamin,Williams,Male,32,Italy
484,Tara,White,Male,38,Jordan
485,Amanda,Herman,Female,51,Canada
486,Melissa,Weaver,Female,44,UAE
487,Kristin,Kelly,Female,29,France
488,Ruth,Singh,Male,38,India
489,Amber,Fisher,Female,36,India
490,Juan,Owens,Male,18,Spain
491,Michael,Williams,Female,54,France
492,Keith,Porter,Female,67,USA
493,Stephen,Hunter,Male,55,USA
494,Lucas,Evans,Male,64,India
495,John,Reed,Female,69,Qatar
496,Ryan,Williams,Male,27,Turkey
497,Tyler,Howell,Female,43,UAE
498,Tina,Goodman,Male,45,Canada
499,Kelsey,Benson,Female,23,Germany
500,Miguel,Harris,Female,27,Turkey
