flight_id,airline_id,departure_airport_id,arrival_airport_id,departure_date,departure_time,arrival_time,duration_minutes,flight_status
1,20,6,8,2026-09-11,06:53:09,15:31:09,518,Scheduled
2,16,8,19,2026-09-06,03:44:58,11:15:58,451,Completed
3,12,5,20,2026-11-02,06:29:08,11:41:08,312,Cancelled
4,5,11,4,2026-10-04,05:00:10,09:20:10,260,Completed
5,7,17,8,2026-07-02,09:23:02,19:57:02,634,Cancelled
6,8,18,1,2026-07-02,18:20:16,22:41:16,261,Delayed
7,19,6,13,2026-12-13,16:31:48,18:06:48,95,Delayed
8,12,1,4,2026-10-22,15:11:17,21:16:17,365,Cancelled
9,20,10,14,2026-10-26,11:14:07,20:59:07,585,Cancelled
10,6,11,13,2026-10-01,16:22:06,00:09:06,467,Completed
11,1,13,18,2026-02-12,16:19:03,19:44:03,205,Delayed
12,3,12,17,2026-03-07,07:17:43,20:04:43,767,Cancelled
13,4,13,18,2026-11-14,09:59:01,20:05:01,606,Scheduled
14,3,1,12,2026-03-24,09:56:23,20:11:23,615,Scheduled
15,8,3,17,2026-06-05,20:41:22,04:42:22,481,Completed
16,7,14,20,2026-11-21,13:06:13,14:46:13,100,Completed
17,7,15,9,2026-06-11,08:25:25,13:29:25,304,Delayed
18,10,12,18,2026-01-19,19:29:56,21:10:56,101,Completed
19,8,13,20,2026-12-04,17:27:05,20:21:05,174,Scheduled
20,1,17,20,2026-09-02,12:14:46,00:25:46,731,Scheduled
21,4,4,19,2026-06-02,12:18:03,23:17:03,659,Completed
22,16,5,16,2026-07-26,13:23:48,16:32:48,189,Scheduled
23,13,14,20,2026-01-31,13:41:55,20:04:55,383,Completed
24,6,4,9,2026-01-29,08:09:39,21:17:39,788,Scheduled
25,18,7,6,2026-11-16,10:13:02,11:32:02,79,Completed
26,3,7,20,2026-01-16,22:38:28,04:08:28,330,Cancelled
27,8,13,6,2026-05-03,21:54:40,09:10:40,676,Delayed
28,4,10,2,2026-12-26,11:06:50,22:56:50,710,Completed
29,3,15,10,2026-09-05,00:36:28,12:42:28,726,Delayed
30,9,10,17,2026-08-11,14:52:46,17:20:46,148,Completed
31,12,9,13,2026-07-03,00:29:17,14:30:17,841,Scheduled
32,4,2,1,2026-05-24,11:20:07,23:57:07,757,Completed
33,19,7,19,2026-02-25,04:10:23,19:00:23,890,Delayed
34,18,10,8,2026-11-30,13:44:49,02:28:49,764,Completed
35,8,18,17,2026-03-07,15:01:18,02:16:18,675,Cancelled
36,20,7,18,2026-03-09,12:25:17,17:56:17,331,Scheduled
37,18,13,20,2026-09-18,06:31:28,15:12:28,521,Cancelled
38,19,9,8,2026-05-20,03:27:01,07:05:01,218,Delayed
39,5,10,5,2026-12-30,23:02:44,08:53:44,591,Cancelled
40,14,6,15,2026-05-03,03:05:59,07:53:59,288,Delayed
41,8,19,11,2026-02-07,10:00:45,18:35:45,515,Completed
42,8,4,19,2026-05-13,01:51:29,10:33:29,522,Cancelled
43,17,1,7,2026-01-13,06:14:55,17:54:55,700,Completed
44,9,4,16,2026-02-06,15:44:47,22:39:47,415,Delayed
45,18,10,8,2026-04-26,14:53:30,19:06:30,253,Scheduled
46,15,20,11,2026-02-24,23:14:37,00:18:37,64,Delayed
47,13,12,3,2026-01-04,18:33:29,04:34:29,601,Scheduled
48,20,11,16,2026-07-16,07:18:58,09:48:58,150,Completed
49,5,5,6,2026-12-04,00:29:45,06:00:45,331,Delayed
50,13,17,12,2026-06-16,06:07:44,18:15:44,728,Scheduled
51,7,7,14,2026-08-24,00:07:24,07:10:24,423,Scheduled
52,7,4,15,2026-08-14,20:13:51,07:51:51,698,Delayed
53,2,1,17,2026-05-31,23:45:42,09:08:42,563,Cancelled
54,18,19,6,2026-07-31,10:36:07,20:32:07,596,Delayed
55,13,1,15,2026-02-05,20:35:44,08:06:44,691,Cancelled
56,4,13,19,2026-11-14,12:43:16,14:56:16,133,Completed
57,1,11,2,2026-09-14,10:09:10,11:31:10,82,Scheduled
58,9,17,8,2026-02-01,22:14:53,09:15:53,661,Completed
59,2,5,20,2026-04-04,18:53:49,22:19:49,206,Cancelled
60,15,12,1,2026-04-08,09:15:06,22:12:06,777,Cancelled
61,5,10,17,2026-03-17,06:58:38,15:10:38,492,Delayed
62,3,16,14,2026-03-20,09:42:00,16:19:00,397,Delayed
63,10,11,5,2026-08-12,17:24:34,05:43:34,739,Delayed
64,14,17,1,2026-12-27,12:09:17,18:00:17,351,Delayed
65,6,11,17,2026-06-24,15:46:38,04:46:38,780,Scheduled
66,19,4,19,2026-10-13,21:55:56,00:53:56,178,Cancelled
67,4,1,16,2026-06-16,12:35:48,15:53:48,198,Delayed
68,3,13,1,2026-08-24,17:18:52,18:35:52,77,Delayed
69,11,13,7,2026-02-02,08:18:08,18:23:08,605,Completed
70,10,17,2,2026-09-12,21:28:45,07:51:45,623,Completed
71,6,4,2,2026-03-27,12:17:34,21:09:34,532,Completed
72,1,18,8,2026-01-08,03:33:30,11:49:30,496,Scheduled
73,11,10,9,2026-07-23,23:48:06,14:36:06,888,Scheduled
74,19,4,13,2026-10-16,13:41:53,01:34:53,713,Cancelled
75,15,14,8,2026-12-02,00:57:20,09:54:20,537,Scheduled
76,14,12,14,2026-03-30,18:26:28,21:28:28,182,Delayed
77,1,12,6,2026-01-04,07:13:57,21:08:57,835,Delayed
78,11,14,20,2026-01-02,03:13:38,08:50:38,337,Completed
79,2,6,8,2026-05-26,20:01:04,07:23:04,682,Scheduled
80,17,18,14,2026-09-23,02:19:51,10:12:51,473,Scheduled
81,19,3,13,2026-07-08,19:48:37,06:17:37,629,Cancelled
82,6,1,20,2026-05-29,01:03:26,09:31:26,508,Cancelled
83,20,11,1,2026-11-01,19:05:42,05:23:42,618,Scheduled
84,1,15,10,2026-10-29,08:03:03,16:48:03,525,Scheduled
85,18,8,17,2026-02-25,20:08:30,06:05:30,597,Completed
86,12,9,17,2026-08-06,11:59:58,01:54:58,835,Delayed
87,16,5,16,2026-02-21,08:11:38,12:45:38,274,Completed
88,20,12,5,2026-12-13,06:11:01,21:04:01,893,Cancelled
89,5,19,13,2026-07-21,16:48:53,01:40:53,532,Completed
90,4,15,7,2026-10-03,01:30:14,04:06:14,156,Completed
91,20,8,10,2026-10-27,15:00:23,03:58:23,778,Delayed
92,9,2,20,2026-06-13,21:05:16,06:00:16,535,Scheduled
93,16,1,16,2026-01-29,14:12:51,21:23:51,431,Completed
94,5,14,8,2026-09-09,16:58:23,19:17:23,139,Delayed
95,10,19,15,2026-04-13,10:12:35,13:18:35,186,Cancelled
96,15,12,10,2026-01-13,13:59:29,15:20:29,81,Completed
97,16,11,17,2026-05-26,08:45:20,15:13:20,388,Scheduled
98,19,17,7,2026-11-06,23:44:40,07:16:40,452,Cancelled
99,6,12,2,2026-04-11,14:59:44,04:29:44,810,Delayed
100,11,17,3,2026-08-29,11:28:43,20:30:43,542,Cancelled
101,7,5,16,2026-06-12,18:29:54,02:24:54,475,Delayed
102,12,2,3,2026-04-25,02:29:39,15:11:39,762,Completed
103,4,8,11,2026-05-19,09:36:14,15:45:14,369,Completed
104,16,7,20,2026-01-13,00:37:12,08:17:12,460,Delayed
105,9,7,5,2026-11-03,06:19:29,18:33:29,734,Delayed
106,3,8,7,2026-02-21,14:27:53,19:13:53,286,Scheduled
107,5,8,2,2026-01-26,00:55:47,07:37:47,402,Delayed
108,4,16,15,2026-05-03,22:17:21,13:05:21,888,Delayed
109,8,3,1,2026-04-08,04:21:39,18:52:39,871,Cancelled
110,14,1,4,2026-09-02,11:30:19,13:43:19,133,Cancelled
111,16,20,16,2026-11-24,02:10:05,04:35:05,145,Completed
112,12,16,2,2026-03-21,22:11:26,08:06:26,595,Cancelled
113,10,2,18,2026-09-20,03:57:07,14:17:07,620,Delayed
114,6,4,15,2026-08-31,04:21:47,18:58:47,877,Delayed
115,14,1,2,2026-11-11,01:09:08,02:51:08,102,Completed
116,19,6,15,2026-06-02,22:56:30,09:24:30,628,Delayed
117,3,9,3,2026-04-29,00:59:32,07:08:32,369,Delayed
118,8,10,5,2026-07-31,00:22:14,13:50:14,808,Completed
119,14,14,13,2026-12-17,21:40:15,00:29:15,169,Delayed
120,8,1,7,2026-01-28,02:21:40,09:46:40,445,Scheduled
121,12,5,20,2026-07-01,04:42:40,09:03:40,261,Cancelled
122,19,14,5,2026-04-05,11:27:38,20:20:38,533,Scheduled
123,14,19,6,2026-07-04,21:32:39,07:36:39,604,Delayed
124,2,9,7,2026-07-04,03:15:54,13:53:54,638,Delayed
125,14,11,8,2026-02-08,04:48:52,11:26:52,398,Cancelled
126,5,19,9,2026-09-25,18:59:54,07:43:54,764,Completed
127,15,19,9,2026-12-28,08:39:53,17:20:53,521,Cancelled
128,13,15,2,2026-10-01,19:36:34,02:32:34,416,Cancelled
129,1,2,14,2026-12-20,05:36:21,08:07:21,151,Completed
130,8,5,19,2026-10-29,18:19:09,05:09:09,650,Delayed
131,7,10,19,2026-09-14,21:58:44,04:41:44,403,Cancelled
132,17,3,15,2026-03-03,00:48:34,11:44:34,656,Scheduled
133,2,3,13,2026-05-10,14:30:04,15:53:04,83,Cancelled
134,11,9,8,2026-02-23,08:55:33,14:22:33,327,Delayed
135,14,5,4,2026-11-25,23:52:09,02:32:09,160,Completed
136,11,5,12,2026-08-21,15:07:05,23:28:05,501,Cancelled
137,9,2,17,2026-01-26,23:05:12,08:28:12,563,Delayed
138,7,2,12,2026-07-29,11:47:51,14:12:51,145,Delayed
139,13,5,4,2026-03-29,17:12:47,21:23:47,251,Scheduled
140,1,17,16,2026-12-10,05:07:44,10:22:44,315,Delayed
141,18,11,10,2026-08-10,13:10:50,02:39:50,809,Completed
142,10,5,20,2026-09-16,17:15:20,19:41:20,146,Cancelled
143,11,4,16,2026-03-14,05:31:24,16:56:24,685,Completed
144,13,11,3,2026-08-25,19:00:40,20:57:40,117,Cancelled
145,7,4,1,2026-04-14,15:34:43,06:20:43,886,Delayed
146,12,18,19,2026-10-26,02:13:59,14:44:59,751,Cancelled
147,6,20,13,2026-02-13,08:44:36,18:29:36,585,Delayed
148,13,8,2,2026-06-09,11:21:25,14:53:25,212,Scheduled
149,16,10,9,2026-06-09,10:01:11,14:41:11,280,Scheduled
150,14,12,8,2026-02-08,20:27:27,02:44:27,377,Delayed
151,9,17,18,2026-10-29,11:42:07,15:15:07,213,Completed
152,4,12,3,2026-01-16,16:30:03,23:50:03,440,Cancelled
153,7,4,14,2026-07-30,00:39:06,04:15:06,216,Delayed
154,20,17,16,2026-06-17,07:46:01,20:57:01,791,Scheduled
155,13,5,20,2026-09-16,19:34:43,06:07:43,633,Cancelled
156,14,17,13,2026-03-02,17:11:28,06:13:28,782,Scheduled
157,16,12,8,2026-01-16,11:19:59,16:05:59,286,Cancelled
158,3,3,1,2026-02-02,03:05:17,07:10:17,245,Delayed
159,6,8,11,2026-06-03,17:03:08,23:46:08,403,Completed
160,15,13,10,2026-01-22,04:02:21,05:19:21,77,Delayed
161,13,11,13,2026-05-06,18:40:35,04:44:35,604,Completed
162,14,17,4,2026-10-02,09:05:34,22:26:34,801,Delayed
163,17,19,15,2026-08-05,17:31:53,22:40:53,309,Delayed
164,20,14,2,2026-01-06,10:16:53,22:42:53,746,Cancelled
165,11,9,18,2026-06-11,14:02:02,22:57:02,535,Delayed
166,19,7,17,2026-09-01,06:07:29,09:28:29,201,Delayed
167,18,15,14,2026-10-23,20:49:01,11:08:01,859,Completed
168,6,6,7,2026-11-11,00:44:08,04:01:08,197,Scheduled
169,3,5,12,2026-03-23,17:57:43,19:33:43,96,Completed
170,12,15,16,2026-05-31,01:25:33,15:27:33,842,Completed
171,14,1,14,2026-02-03,19:17:09,02:16:09,419,Completed
172,5,4,3,2026-04-19,22:01:56,23:40:56,99,Scheduled
173,6,12,17,2026-03-12,02:02:29,07:15:29,313,Completed
174,12,17,12,2026-12-02,13:48:17,17:28:17,220,Scheduled
175,2,20,9,2026-07-20,00:32:26,10:51:26,619,Completed
176,6,11,4,2026-03-23,03:55:05,14:17:05,622,Cancelled
177,1,9,12,2026-09-29,02:47:48,10:21:48,454,Delayed
178,5,5,9,2026-02-01,09:43:38,20:45:38,662,Delayed
179,20,4,16,2026-04-17,07:11:33,13:11:33,360,Delayed
180,2,9,20,2026-02-12,13:59:07,17:23:07,204,Delayed
181,12,13,2,2026-08-26,22:01:52,06:06:52,485,Delayed
182,19,18,19,2026-04-22,02:08:50,10:44:50,516,Completed
183,2,19,15,2026-05-09,17:06:50,01:18:50,492,Completed
184,8,19,8,2026-09-21,23:57:54,09:24:54,567,Cancelled
185,3,20,8,2026-06-12,05:59:03,20:50:03,891,Cancelled
186,12,8,7,2026-08-27,05:11:38,14:17:38,546,Cancelled
187,20,4,2,2026-01-26,22:31:53,02:01:53,210,Scheduled
188,6,20,18,2026-01-10,15:26:12,02:19:12,653,Cancelled
189,2,4,14,2026-05-14,12:15:55,16:47:55,272,Delayed
190,10,15,20,2026-03-28,13:06:40,17:09:40,243,Scheduled
191,13,14,20,2026-12-13,14:16:31,00:33:31,617,Scheduled
192,6,16,13,2026-07-31,18:42:23,04:33:23,591,Cancelled
193,17,19,3,2026-02-03,06:31:26,19:25:26,774,Delayed
194,6,16,15,2026-03-12,22:12:19,11:23:19,791,Scheduled
195,13,16,5,2026-04-27,09:45:33,11:21:33,96,Scheduled
196,10,10,19,2026-08-04,06:54:36,19:40:36,766,Completed
197,13,20,17,2026-03-09,13:32:11,00:48:11,676,Cancelled
198,9,10,19,2026-02-20,16:41:43,23:30:43,409,Delayed
199,20,20,9,2026-06-09,18:48:34,22:10:34,202,Delayed
200,5,4,6,2026-06-19,12:48:47,17:40:47,292,Delayed
201,6,12,6,2026-12-10,11:07:15,19:37:15,510,Scheduled
202,17,18,1,2026-11-27,03:32:08,10:01:08,389,Scheduled
203,16,12,3,2026-09-01,10:52:00,23:48:00,776,Scheduled
204,9,20,14,2026-05-06,14:18:09,23:59:09,581,Scheduled
205,3,8,18,2026-12-09,16:13:42,05:10:42,777,Scheduled
206,4,14,12,2026-06-06,01:55:07,04:38:07,163,Delayed
207,19,10,17,2026-05-28,06:24:37,15:09:37,525,Completed
208,3,6,15,2026-12-05,16:46:40,05:07:40,741,Scheduled
209,1,17,7,2026-05-17,22:22:33,23:29:33,67,Cancelled
210,4,15,18,2026-08-26,11:20:25,19:19:25,479,Cancelled
211,8,15,8,2026-05-22,04:28:42,14:49:42,621,Completed
212,18,14,2,2026-10-19,10:25:53,19:59:53,574,Completed
213,11,1,6,2026-01-17,18:10:21,21:34:21,204,Delayed
214,18,20,15,2026-02-17,09:41:31,20:06:31,625,Completed
215,13,6,9,2026-02-02,16:55:20,03:21:20,626,Cancelled
216,5,2,18,2026-04-03,09:15:28,19:31:28,616,Scheduled
217,10,16,17,2026-02-23,05:51:17,10:23:17,272,Scheduled
218,20,14,10,2026-05-29,05:30:25,12:38:25,428,Delayed
219,15,15,12,2026-03-13,00:34:56,06:59:56,385,Completed
220,12,17,13,2026-10-29,02:19:27,04:52:27,153,Delayed
221,15,17,9,2026-12-29,22:20:58,11:33:58,793,Completed
222,16,6,3,2026-06-05,12:26:10,15:14:10,168,Completed
223,10,13,6,2026-02-19,06:58:14,13:22:14,384,Completed
224,2,9,7,2026-09-14,06:21:58,17:47:58,686,Delayed
225,10,14,18,2026-11-20,12:01:35,01:50:35,829,Delayed
226,6,17,13,2026-09-01,04:43:56,15:39:56,656,Completed
227,1,5,19,2026-02-05,22:14:48,00:55:48,161,Completed
228,2,8,1,2026-07-04,13:07:03,19:31:03,384,Scheduled
229,4,12,2,2026-06-04,12:16:17,18:55:17,399,Cancelled
230,5,1,4,2026-05-26,21:12:38,23:05:38,113,Delayed
231,15,12,18,2026-05-18,05:35:13,14:29:13,534,Completed
232,3,11,10,2026-11-13,23:15:30,11:11:30,716,Cancelled
233,9,8,2,2026-05-05,23:54:49,01:38:49,104,Delayed
234,7,15,6,2026-09-28,00:52:14,03:21:14,149,Delayed
235,19,16,8,2026-12-03,10:29:52,16:16:52,347,Scheduled
236,17,2,10,2026-12-07,00:52:34,06:32:34,340,Scheduled
237,2,11,12,2026-02-09,04:16:17,14:44:17,628,Delayed
238,14,4,15,2026-02-09,20:09:15,04:16:15,487,Cancelled
239,8,19,11,2026-06-24,07:42:05,20:19:05,757,Completed
240,18,7,1,2026-06-14,22:49:10,12:23:10,814,Completed
241,6,3,8,2026-11-25,09:35:43,18:00:43,505,Delayed
242,15,13,11,2026-10-07,03:28:44,10:19:44,411,Delayed
243,12,14,7,2026-10-24,15:54:46,02:04:46,610,Cancelled
244,15,14,3,2026-08-09,20:24:51,09:37:51,793,Completed
245,12,8,7,2026-07-17,10:33:36,23:50:36,797,Completed
246,8,10,12,2026-06-21,15:46:50,19:28:50,222,Completed
247,20,3,19,2026-03-07,03:00:23,10:44:23,464,Cancelled
248,2,4,18,2026-04-21,18:28:12,03:25:12,537,Cancelled
249,4,1,6,2026-05-30,16:31:02,01:15:02,524,Delayed
250,16,12,5,2026-07-06,10:50:23,20:55:23,605,Completed
251,14,8,2,2026-10-31,01:06:26,07:16:26,370,Scheduled
252,14,4,18,2026-12-20,09:29:47,13:44:47,255,Cancelled
253,9,8,4,2026-02-06,12:14:50,02:52:50,878,Completed
254,9,12,3,2026-12-01,22:08:34,05:04:34,416,Scheduled
255,4,6,4,2026-05-21,23:53:01,10:27:01,634,Cancelled
256,8,14,2,2026-09-29,17:21:11,06:12:11,771,Completed
257,8,13,20,2026-07-18,17:24:26,01:16:26,472,Delayed
258,1,16,13,2026-01-20,01:30:16,03:25:16,115,Delayed
259,15,17,19,2026-06-06,11:03:26,17:19:26,376,Cancelled
260,1,16,15,2026-04-20,17:56:52,04:23:52,627,Scheduled
261,17,11,2,2026-11-11,16:38:05,21:06:05,268,Delayed
262,11,4,16,2026-01-14,18:48:32,09:41:32,893,Completed
263,1,17,3,2026-07-02,03:40:31,13:50:31,610,Delayed
264,7,13,9,2026-04-02,06:35:53,17:37:53,662,Completed
265,20,12,19,2026-09-07,00:48:49,04:08:49,200,Completed
266,13,11,10,2026-11-06,15:11:02,05:18:02,847,Scheduled
267,18,3,20,2026-10-27,09:12:38,10:58:38,106,Cancelled
268,7,12,2,2026-12-19,14:24:26,20:37:26,373,Cancelled
269,19,8,6,2026-03-23,08:22:58,16:23:58,481,Cancelled
270,4,6,16,2026-11-28,08:50:31,12:10:31,200,Completed
271,9,19,12,2026-01-08,12:57:00,22:12:00,555,Delayed
272,5,17,15,2026-05-18,23:17:42,09:35:42,618,Completed
273,15,9,7,2026-02-01,04:44:00,08:31:00,227,Cancelled
274,10,11,12,2026-12-18,02:15:18,10:28:18,493,Scheduled
275,2,2,6,2026-01-18,23:01:27,13:47:27,886,Delayed
276,15,1,18,2026-08-01,08:42:50,12:50:50,248,Scheduled
277,5,17,4,2026-09-15,04:56:53,09:38:53,282,Scheduled
278,14,15,16,2026-06-15,12:23:10,22:27:10,604,Delayed
279,13,14,9,2026-04-13,21:06:19,06:05:19,539,Scheduled
280,8,10,2,2026-07-01,22:02:52,09:00:52,658,Completed
281,20,6,20,2026-12-02,03:12:27,14:18:27,666,Scheduled
282,14,15,1,2026-04-03,09:00:24,11:29:24,149,Cancelled
283,6,5,18,2026-07-09,20:00:10,02:37:10,397,Completed
284,6,1,14,2026-02-10,00:37:35,13:40:35,783,Delayed
285,18,13,10,2026-03-23,12:10:39,22:44:39,634,Cancelled
286,7,13,9,2026-02-23,13:22:02,03:32:02,850,Cancelled
287,8,10,12,2026-03-31,11:09:28,21:20:28,611,Cancelled
288,13,17,18,2026-04-29,01:32:05,08:03:05,391,Scheduled
289,7,13,11,2026-05-22,20:15:19,04:20:19,485,Completed
290,15,17,9,2026-01-16,16:47:57,02:57:57,610,Scheduled
291,16,3,13,2026-06-06,16:00:44,05:21:44,801,Completed
292,14,4,19,2026-01-09,04:05:20,13:37:20,572,Delayed
293,8,11,10,2026-06-12,14:43:52,15:44:52,61,Delayed
294,12,17,2,2026-12-18,04:31:44,14:06:44,575,Delayed
295,17,2,10,2026-08-06,09:19:00,14:59:00,340,Completed
296,20,20,15,2026-05-22,16:39:40,22:17:40,338,Scheduled
297,15,12,14,2026-08-31,01:57:56,11:04:56,547,Scheduled
298,13,9,4,2026-10-23,06:07:34,09:06:34,179,Scheduled
299,3,12,6,2026-07-07,15:20:33,17:26:33,126,Cancelled
300,1,17,14,2026-04-10,12:24:25,18:13:25,349,Scheduled
301,5,7,12,2026-02-17,00:12:24,12:41:24,749,Delayed
302,1,12,18,2026-06-06,13:56:32,22:28:32,512,Delayed
303,12,1,2,2026-08-07,19:43:34,03:01:34,438,Cancelled
304,5,16,14,2026-09-21,00:17:19,07:58:19,461,Cancelled
305,14,8,7,2026-07-09,07:00:21,17:32:21,632,Delayed
306,1,2,19,2026-08-05,02:14:35,15:27:35,793,Completed
307,20,11,6,2026-04-19,18:44:14,23:43:14,299,Cancelled
308,20,13,6,2026-09-28,08:10:43,11:18:43,188,Delayed
309,4,20,1,2026-03-03,18:07:28,02:14:28,487,Completed
310,10,3,1,2026-08-11,07:20:40,21:02:40,822,Delayed
311,9,18,14,2026-10-15,19:07:06,02:07:06,420,Scheduled
312,20,1,10,2026-08-05,10:19:21,15:08:21,289,Completed
313,16,13,5,2026-09-13,20:14:30,09:11:30,777,Cancelled
314,20,7,19,2026-01-18,01:53:53,10:16:53,503,Cancelled
315,8,5,10,2026-08-06,07:52:18,14:26:18,394,Cancelled
316,13,15,4,2026-01-15,02:11:34,03:16:34,65,Completed
317,2,9,10,2026-11-22,23:45:17,12:57:17,792,Completed
318,11,8,7,2026-04-25,19:18:17,22:32:17,194,Scheduled
319,13,7,12,2026-04-02,03:27:14,05:51:14,144,Cancelled
320,16,19,4,2026-04-20,19:49:18,03:31:18,462,Completed
321,1,8,14,2026-05-25,12:07:30,18:17:30,370,Scheduled
322,12,18,20,2026-01-17,09:20:22,17:50:22,510,Cancelled
323,19,1,13,2026-06-11,00:44:23,10:58:23,614,Completed
324,19,5,14,2026-02-08,01:57:44,11:32:44,575,Scheduled
325,8,7,6,2026-05-13,09:13:53,16:19:53,426,Completed
326,2,16,18,2026-07-03,17:08:06,19:02:06,114,Delayed
327,3,15,7,2026-06-11,11:13:32,23:51:32,758,Scheduled
328,9,13,9,2026-11-23,01:59:43,12:39:43,640,Scheduled
329,10,2,1,2026-08-20,04:24:48,09:41:48,317,Completed
330,1,6,3,2026-06-13,15:18:50,22:46:50,448,Completed
331,14,14,3,2026-04-19,02:52:37,12:45:37,593,Delayed
332,9,7,4,2026-06-02,03:45:14,05:45:14,120,Scheduled
333,12,4,8,2026-09-07,00:24:45,09:33:45,549,Completed
334,1,12,19,2026-08-29,08:44:07,17:40:07,536,Cancelled
335,11,9,2,2026-07-11,05:59:58,15:02:58,543,Delayed
336,5,4,9,2026-09-01,03:15:16,05:00:16,105,Scheduled
337,13,5,20,2026-01-07,19:45:50,08:49:50,784,Cancelled
338,2,9,10,2026-01-24,10:58:09,16:00:09,302,Completed
339,15,1,8,2026-07-27,15:12:02,19:31:02,259,Cancelled
340,7,18,20,2026-03-27,20:00:25,23:03:25,183,Cancelled
341,10,11,14,2026-12-04,13:52:22,18:39:22,287,Delayed
342,6,11,20,2026-09-23,02:33:58,13:10:58,637,Scheduled
343,4,13,16,2026-12-26,23:01:19,13:38:19,877,Delayed
344,4,8,14,2026-04-07,16:26:48,21:15:48,289,Cancelled
345,3,14,7,2026-06-14,05:21:17,13:19:17,478,Delayed
346,19,16,4,2026-09-10,08:56:53,11:43:53,167,Cancelled
347,10,5,2,2026-03-08,22:07:19,12:50:19,883,Cancelled
348,15,19,3,2026-10-23,09:13:49,15:20:49,367,Scheduled
349,8,17,15,2026-01-30,12:11:00,23:25:00,674,Cancelled
350,16,3,1,2026-10-21,02:05:25,14:35:25,750,Scheduled
351,9,10,5,2026-09-05,02:46:03,05:07:03,141,Delayed
352,14,4,6,2026-05-24,12:11:12,23:46:12,695,Delayed
353,11,13,7,2026-12-20,07:32:35,22:14:35,882,Delayed
354,7,3,12,2026-01-03,01:19:21,15:36:21,857,Completed
355,18,17,16,2026-01-07,20:28:18,22:34:18,126,Scheduled
356,12,15,14,2026-08-03,21:45:25,10:55:25,790,Delayed
357,5,9,11,2026-02-02,17:13:01,04:47:01,694,Scheduled
358,17,9,15,2026-03-21,23:19:03,03:27:03,248,Completed
359,10,10,5,2026-10-27,01:48:28,11:22:28,574,Scheduled
360,8,20,19,2026-09-12,04:19:36,11:35:36,436,Cancelled
361,19,13,17,2026-11-11,19:48:17,01:44:17,356,Cancelled
362,8,7,18,2026-09-23,13:04:50,19:19:50,375,Delayed
363,4,12,14,2026-04-22,00:20:46,03:23:46,183,Cancelled
364,3,13,5,2026-07-22,11:44:19,14:41:19,177,Completed
365,1,7,2,2026-01-12,18:09:32,07:03:32,774,Cancelled
366,1,12,9,2026-09-03,00:01:22,07:34:22,453,Cancelled
367,18,2,19,2026-11-02,08:45:43,23:32:43,887,Completed
368,18,10,4,2026-07-26,06:54:00,10:36:00,222,Scheduled
369,9,9,19,2026-06-13,15:48:10,01:35:10,587,Completed
370,10,18,19,2026-08-17,11:10:38,20:15:38,545,Delayed
371,5,6,12,2026-11-04,12:37:17,03:31:17,894,Completed
372,10,11,10,2026-02-08,14:09:56,03:55:56,826,Cancelled
373,6,20,19,2026-11-20,02:55:35,08:02:35,307,Cancelled
374,11,19,15,2026-04-19,09:23:46,15:49:46,386,Cancelled
375,2,17,2,2026-04-06,12:29:03,02:54:03,865,Completed
376,1,15,13,2026-05-11,17:56:04,22:04:04,248,Delayed
377,2,8,17,2026-01-13,23:35:08,02:35:08,180,Cancelled
378,16,9,4,2026-02-02,06:06:26,18:05:26,719,Cancelled
379,11,11,20,2026-12-06,21:03:56,05:47:56,524,Scheduled
380,3,6,20,2026-02-23,19:57:52,04:08:52,491,Scheduled
381,10,20,14,2026-11-11,07:57:19,10:56:19,179,Scheduled
382,18,2,7,2026-02-24,06:27:42,12:41:42,374,Scheduled
383,11,2,1,2026-07-03,20:37:17,07:33:17,656,Completed
384,3,13,6,2026-07-20,10:41:49,21:03:49,622,Completed
385,15,16,14,2026-02-14,02:02:35,06:36:35,274,Delayed
386,17,16,5,2026-02-11,19:11:31,04:34:31,563,Scheduled
387,17,20,4,2026-10-03,02:38:56,15:41:56,783,Scheduled
388,14,1,9,2026-03-16,00:27:18,13:01:18,754,Delayed
389,16,1,11,2026-01-27,23:29:05,01:55:05,146,Scheduled
390,3,16,9,2026-07-29,16:38:39,22:31:39,353,Cancelled
391,8,6,11,2026-03-21,07:10:06,13:19:06,369,Completed
392,19,16,3,2026-11-27,10:58:03,21:24:03,626,Scheduled
393,19,11,16,2026-08-06,02:46:50,06:05:50,199,Completed
394,6,16,2,2026-05-10,01:27:17,04:23:17,176,Completed
395,9,5,10,2026-07-03,22:42:33,01:01:33,139,Cancelled
396,1,2,5,2026-07-27,00:13:57,07:48:57,455,Delayed
397,17,4,9,2026-12-19,10:40:39,15:01:39,261,Completed
398,12,7,13,2026-01-09,16:49:24,20:12:24,203,Scheduled
399,5,3,14,2026-02-18,23:23:23,12:02:23,759,Cancelled
400,18,15,1,2026-05-06,05:11:18,17:16:18,725,Completed
401,8,8,7,2026-03-22,19:52:20,07:57:20,725,Cancelled
402,6,10,14,2026-10-18,22:06:03,04:46:03,400,Scheduled
403,7,11,7,2026-02-21,04:05:38,17:11:38,786,Delayed
404,18,7,5,2026-03-06,19:24:40,05:48:40,624,Cancelled
405,7,16,12,2026-07-13,15:35:54,18:49:54,194,Completed
406,4,12,11,2026-04-16,13:06:02,18:34:02,328,Completed
407,2,17,7,2026-10-04,13:42:57,21:10:57,448,Delayed
408,6,12,7,2026-04-27,20:34:34,10:22:34,828,Scheduled
409,20,8,4,2026-11-15,04:26:14,08:41:14,255,Scheduled
410,9,11,20,2026-11-21,11:53:01,00:36:01,763,Cancelled
411,4,5,19,2026-02-11,03:31:55,07:07:55,216,Delayed
412,11,19,10,2026-09-16,21:59:18,09:36:18,697,Cancelled
413,18,12,14,2026-03-13,16:20:24,02:30:24,610,Delayed
414,4,16,18,2026-08-13,13:05:00,16:02:00,177,Delayed
415,2,5,12,2026-04-14,17:52:59,20:28:59,156,Cancelled
416,19,5,17,2026-07-08,00:45:04,12:42:04,717,Cancelled
417,12,20,8,2026-12-28,13:49:16,16:48:16,179,Delayed
418,17,20,14,2026-08-01,14:20:45,04:38:45,858,Completed
419,7,19,14,2026-01-03,08:40:58,18:16:58,576,Scheduled
420,5,10,16,2026-05-07,09:29:07,23:58:07,869,Delayed
421,15,18,6,2026-04-14,08:19:02,18:13:02,594,Delayed
422,2,14,8,2026-02-09,00:19:19,12:09:19,710,Delayed
423,1,7,12,2026-10-28,04:14:12,09:13:12,299,Cancelled
424,19,1,11,2026-05-04,10:17:34,17:40:34,443,Scheduled
425,8,1,12,2026-05-04,22:03:26,11:57:26,834,Scheduled
426,18,11,13,2026-02-09,02:23:42,11:49:42,566,Completed
427,16,20,9,2026-10-08,21:38:53,01:52:53,254,Delayed
428,18,17,5,2026-05-26,02:11:08,07:43:08,332,Completed
429,17,19,7,2026-02-14,11:29:43,16:59:43,330,Completed
430,16,2,3,2026-12-21,00:31:17,10:38:17,607,Scheduled
431,9,6,17,2026-04-20,18:06:09,21:45:09,219,Scheduled
432,13,10,2,2026-07-04,11:25:10,12:40:10,75,Scheduled
433,15,12,8,2026-12-14,00:25:38,10:21:38,596,Delayed
434,19,15,10,2026-01-29,20:08:46,00:35:46,267,Cancelled
435,12,3,6,2026-01-17,05:08:45,06:38:45,90,Completed
436,19,1,4,2026-10-29,17:11:20,18:38:20,87,Scheduled
437,1,1,4,2026-03-26,15:16:47,19:52:47,276,Completed
438,17,6,15,2026-11-06,10:06:30,18:03:30,477,Delayed
439,16,15,17,2026-03-17,19:38:52,10:28:52,890,Scheduled
440,8,8,3,2026-09-08,06:49:02,19:24:02,755,Delayed
441,13,5,6,2026-06-27,22:44:47,08:20:47,576,Scheduled
442,19,15,20,2026-11-05,05:40:22,12:47:22,427,Delayed
443,11,1,20,2026-01-31,18:17:51,04:07:51,590,Cancelled
444,17,4,13,2026-08-18,00:51:59,12:48:59,717,Scheduled
445,7,5,6,2026-09-06,21:54:10,00:18:10,144,Completed
446,16,7,14,2026-02-07,13:28:16,02:57:16,809,Delayed
447,10,3,2,2026-05-11,01:59:55,08:29:55,390,Completed
448,18,8,20,2026-08-10,01:33:08,14:16:08,763,Completed
449,19,8,19,2026-01-03,08:59:48,19:39:48,640,Delayed
450,7,17,6,2026-11-15,17:20:13,07:06:13,826,Cancelled
451,12,1,14,2026-03-10,07:27:42,21:43:42,856,Scheduled
452,11,5,9,2026-09-02,04:25:54,09:53:54,328,Completed
453,3,11,8,2026-11-15,22:16:13,12:38:13,862,Delayed
454,5,10,13,2026-08-16,09:11:10,13:39:10,268,Cancelled
455,19,19,10,2026-01-14,22:38:06,07:28:06,530,Scheduled
456,3,8,13,2026-03-15,21:33:54,10:21:54,768,Delayed
457,4,6,8,2026-11-29,17:43:45,22:22:45,279,Delayed
458,5,15,1,2026-04-26,17:04:50,05:39:50,755,Cancelled
459,15,6,16,2026-01-25,20:33:09,08:55:09,742,Completed
460,3,16,9,2026-07-03,16:15:30,17:34:30,79,Cancelled
461,11,5,17,2026-10-09,19:44:45,06:24:45,640,Scheduled
462,9,18,1,2026-07-04,01:01:29,10:49:29,588,Completed
463,6,14,17,2026-09-01,02:47:35,07:03:35,256,Completed
464,17,5,7,2026-12-12,14:34:12,15:41:12,67,Cancelled
465,1,13,14,2026-11-03,08:27:49,12:37:49,250,Scheduled
466,11,14,17,2026-07-17,15:26:49,21:25:49,359,Completed
467,3,1,11,2026-03-04,21:03:12,03:24:12,381,Scheduled
468,14,18,15,2026-05-15,20:54:26,08:35:26,701,Scheduled
469,19,5,3,2026-12-10,07:01:37,10:09:37,188,Cancelled
470,9,17,13,2026-04-09,19:15:01,09:24:01,849,Delayed
471,8,17,16,2026-04-20,04:01:05,06:56:05,175,Cancelled
472,2,16,11,2026-04-25,07:57:02,20:22:02,745,Delayed
473,4,13,20,2026-01-30,12:12:04,15:26:04,194,Completed
474,16,4,19,2026-01-04,05:42:56,19:39:56,837,Delayed
475,16,7,5,2026-03-03,00:20:45,15:01:45,881,Completed
476,8,14,1,2026-01-21,21:53:28,23:16:28,83,Scheduled
477,8,7,2,2026-06-17,09:08:19,17:59:19,531,Cancelled
478,5,5,20,2026-07-10,04:58:09,19:24:09,866,Delayed
479,2,7,20,2026-03-13,18:29:03,05:59:03,690,Delayed
480,10,10,2,2026-03-14,18:22:45,04:14:45,592,Cancelled
481,15,1,7,2026-05-14,21:28:26,09:41:26,733,Delayed
482,18,19,2,2026-10-01,13:28:35,23:05:35,577,Scheduled
483,18,16,5,2026-10-06,02:06:41,11:28:41,562,Scheduled
484,2,15,17,2026-11-22,05:18:51,08:03:51,165,Delayed
485,14,3,5,2026-07-08,03:31:31,16:53:31,802,Scheduled
486,12,2,8,2026-10-02,03:03:43,16:00:43,777,Cancelled
487,19,5,6,2026-09-18,10:50:47,13:52:47,182,Scheduled
488,20,11,4,2026-06-20,15:49:36,00:51:36,542,Scheduled
489,9,10,4,2026-04-16,13:57:26,20:38:26,401,Scheduled
490,5,8,4,2026-06-15,18:53:28,23:39:28,286,Completed
491,4,16,7,2026-12-28,08:35:19,17:35:19,540,Cancelled
492,9,14,18,2026-12-22,13:13:06,19:40:06,387,Scheduled
493,2,19,5,2026-10-22,01:58:30,15:45:30,827,Delayed
494,17,20,14,2026-04-28,13:40:25,19:10:25,330,Cancelled
495,8,17,20,2026-11-09,01:24:22,06:43:22,319,Cancelled
496,20,15,9,2026-12-26,15:43:50,18:39:50,176,Delayed
497,6,16,8,2026-06-01,19:47:34,21:49:34,122,Cancelled
498,12,17,5,2026-04-20,12:03:29,21:14:29,551,Completed
499,8,8,16,2026-02-05,07:47:01,21:37:01,830,Scheduled
500,19,19,3,2026-05-28,10:49:37,12:17:37,88,Scheduled
501,18,2,11,2026-03-03,13:09:34,17:47:34,278,Cancelled
502,7,2,3,2026-11-20,15:52:13,18:23:13,151,Cancelled
503,11,13,2,2026-04-14,12:48:38,14:19:38,91,Delayed
504,1,5,17,2026-11-30,19:09:50,09:09:50,840,Completed
505,7,7,11,2026-06-11,13:36:42,00:42:42,666,Scheduled
506,12,1,10,2026-07-12,11:56:45,00:29:45,753,Scheduled
507,11,11,14,2026-12-22,21:19:04,22:44:04,85,Completed
508,5,12,17,2026-03-13,18:50:11,09:19:11,869,Cancelled
509,12,14,19,2026-12-20,11:29:04,17:58:04,389,Cancelled
510,11,1,11,2026-02-11,17:35:08,01:32:08,477,Cancelled
511,20,15,7,2026-11-09,13:51:00,21:50:00,479,Delayed
512,13,2,13,2026-11-08,18:55:20,23:14:20,259,Completed
513,19,18,11,2026-05-28,09:30:23,17:28:23,478,Cancelled
514,8,6,11,2026-10-04,19:34:49,01:33:49,359,Completed
515,9,17,12,2026-08-24,03:31:21,12:22:21,531,Cancelled
516,13,17,9,2026-01-09,06:11:54,10:09:54,238,Completed
517,2,19,6,2026-11-16,16:45:05,05:11:05,746,Cancelled
518,1,17,10,2026-12-06,19:44:24,02:55:24,431,Cancelled
519,13,18,19,2026-01-23,08:28:12,12:56:12,268,Scheduled
520,18,4,20,2026-08-10,14:29:10,23:38:10,549,Delayed
521,13,14,20,2026-12-09,04:58:30,07:40:30,162,Scheduled
522,6,10,17,2026-01-28,03:48:09,14:05:09,617,Cancelled
523,3,3,15,2026-04-14,15:25:44,17:14:44,109,Scheduled
524,3,11,6,2026-06-05,06:52:13,20:47:13,835,Delayed
525,6,3,19,2026-06-11,15:51:21,22:43:21,412,Delayed
526,18,20,6,2026-01-28,07:51:28,09:22:28,91,Delayed
527,9,6,19,2026-05-30,03:10:52,14:48:52,698,Cancelled
528,18,10,18,2026-07-15,09:58:01,15:14:01,316,Scheduled
529,18,11,19,2026-11-01,12:17:06,19:33:06,436,Cancelled
530,3,15,14,2026-01-12,03:33:04,15:52:04,739,Completed
531,8,16,8,2026-08-13,11:01:35,15:09:35,248,Delayed
532,1,15,10,2026-09-06,23:07:17,13:32:17,865,Scheduled
533,7,13,2,2026-03-24,22:11:44,01:30:44,199,Delayed
534,3,6,3,2026-05-13,17:53:26,19:58:26,125,Scheduled
535,5,8,13,2026-12-02,10:41:45,18:41:45,480,Scheduled
536,19,16,11,2026-07-13,21:02:28,10:37:28,815,Cancelled
537,5,1,17,2026-09-28,21:17:02,00:10:02,173,Completed
538,6,5,20,2026-11-01,08:19:02,16:14:02,475,Delayed
539,13,12,1,2026-08-01,03:22:17,10:57:17,455,Cancelled
540,12,9,3,2026-12-23,03:28:33,09:12:33,344,Delayed
541,10,3,16,2026-07-29,06:31:09,07:31:09,60,Scheduled
542,9,13,8,2026-08-13,01:24:25,06:55:25,331,Scheduled
543,20,6,1,2026-10-12,20:38:20,07:55:20,677,Delayed
544,14,13,9,2026-03-09,12:07:30,01:01:30,774,Delayed
545,10,6,5,2026-01-25,14:36:27,18:34:27,238,Cancelled
546,5,2,13,2026-10-24,12:49:01,22:57:01,608,Completed
547,3,18,5,2026-02-09,20:16:36,21:55:36,99,Cancelled
548,5,5,16,2026-05-13,11:14:50,23:47:50,753,Scheduled
549,10,20,15,2026-06-06,13:08:46,01:32:46,744,Delayed
550,3,11,15,2026-02-16,23:02:41,11:42:41,760,Scheduled
551,5,4,18,2026-11-21,01:19:32,05:51:32,272,Completed
552,7,1,5,2026-09-07,17:34:13,08:15:13,881,Scheduled
553,12,18,16,2026-06-15,01:59:45,11:56:45,597,Completed
554,6,3,6,2026-09-27,09:34:41,22:47:41,793,Completed
555,10,5,9,2026-07-31,10:01:20,18:38:20,517,Delayed
556,12,7,8,2026-05-12,00:43:56,04:12:56,209,Scheduled
557,12,20,17,2026-11-06,03:18:36,12:10:36,532,Scheduled
558,3,6,16,2026-10-20,22:51:29,09:22:29,631,Delayed
559,15,10,2,2026-09-07,14:08:59,04:17:59,849,Completed
560,15,12,20,2026-06-01,18:42:10,04:27:10,585,Completed
561,9,11,13,2026-01-10,08:18:35,10:53:35,155,Delayed
562,3,16,15,2026-08-30,23:06:20,07:54:20,528,Cancelled
563,19,8,9,2026-09-25,09:11:54,14:03:54,292,Scheduled
564,10,11,4,2026-06-08,06:13:39,19:34:39,801,Cancelled
565,2,6,7,2026-12-14,14:24:53,19:28:53,304,Cancelled
566,20,7,12,2026-05-09,07:36:06,14:47:06,431,Scheduled
567,15,3,10,2026-02-13,04:46:48,11:56:48,430,Completed
568,12,16,5,2026-05-27,05:04:31,16:54:31,710,Scheduled
569,3,17,14,2026-07-30,07:17:57,13:27:57,370,Scheduled
570,16,13,18,2026-04-07,03:46:52,05:20:52,94,Completed
571,2,18,15,2026-04-09,12:49:18,18:58:18,369,Completed
572,18,13,5,2026-12-25,18:23:10,19:54:10,91,Cancelled
573,3,13,20,2026-05-19,08:17:07,21:42:07,805,Cancelled
574,20,9,1,2026-05-02,20:38:54,07:38:54,660,Scheduled
575,19,1,4,2026-05-01,20:18:11,06:36:11,618,Cancelled
576,9,6,3,2026-11-01,02:37:35,04:12:35,95,Completed
577,7,20,16,2026-08-17,04:33:37,06:38:37,125,Cancelled
578,18,16,15,2026-08-25,05:51:21,08:36:21,165,Scheduled
579,11,15,13,2026-03-06,15:09:57,01:21:57,612,Scheduled
580,18,9,14,2026-11-23,06:13:51,10:46:51,273,Completed
581,9,1,2,2026-03-07,20:06:12,10:34:12,868,Completed
582,1,2,11,2026-12-14,20:46:17,07:20:17,634,Cancelled
583,19,6,8,2026-12-29,17:38:26,08:25:26,887,Cancelled
584,16,9,13,2026-04-04,18:16:45,02:05:45,469,Delayed
585,2,17,6,2026-04-26,23:13:17,13:57:17,884,Completed
586,16,11,7,2026-02-22,17:23:00,05:38:00,735,Scheduled
587,9,8,18,2026-08-25,19:25:15,21:11:15,106,Completed
588,7,18,14,2026-11-18,05:17:49,13:53:49,516,Scheduled
589,10,9,19,2026-05-11,18:01:43,01:48:43,467,Cancelled
590,1,10,15,2026-12-18,22:03:50,23:26:50,83,Cancelled
591,17,13,1,2026-05-06,05:22:58,06:38:58,76,Cancelled
592,13,3,12,2026-01-26,07:51:54,14:38:54,407,Completed
593,16,14,13,2026-10-17,17:03:44,03:26:44,623,Scheduled
594,14,12,13,2026-11-19,20:44:57,23:00:57,136,Delayed
595,10,16,4,2026-03-12,23:01:55,00:58:55,117,Delayed
596,2,1,17,2026-08-22,19:50:03,23:04:03,194,Scheduled
597,9,4,10,2026-03-23,03:04:47,17:40:47,876,Scheduled
598,15,12,6,2026-01-27,22:39:54,06:54:54,495,Completed
599,2,17,18,2026-09-13,19:57:42,01:45:42,348,Cancelled
600,6,5,16,2026-09-11,11:51:33,14:28:33,157,Delayed
601,13,4,12,2026-10-21,14:16:13,19:59:13,343,Delayed
602,12,20,19,2026-08-28,14:50:07,04:10:07,800,Completed
603,8,11,6,2026-07-21,15:41:23,02:49:23,668,Cancelled
604,16,10,17,2026-04-03,15:39:25,03:38:25,719,Scheduled
605,16,9,19,2026-04-25,03:04:15,14:46:15,702,Scheduled
606,16,6,7,2026-02-22,09:22:11,15:39:11,377,Completed
607,1,20,14,2026-08-04,19:32:05,05:46:05,614,Completed
608,10,10,12,2026-11-27,08:59:03,22:47:03,828,Scheduled
609,16,9,2,2026-10-17,14:56:15,05:22:15,866,Cancelled
610,11,6,11,2026-06-03,00:30:20,02:45:20,135,Completed
611,12,7,19,2026-05-13,19:41:56,06:43:56,662,Delayed
612,17,7,17,2026-10-12,07:44:06,10:11:06,147,Cancelled
613,16,4,15,2026-02-06,15:18:59,20:59:59,341,Delayed
614,6,4,5,2026-10-09,21:02:15,23:52:15,170,Scheduled
615,3,3,12,2026-10-09,18:45:06,03:15:06,510,Cancelled
616,9,15,10,2026-10-19,13:39:04,16:55:04,196,Completed
617,5,12,4,2026-04-05,21:12:00,23:02:00,110,Delayed
618,10,13,19,2026-02-16,01:48:33,12:23:33,635,Scheduled
619,15,4,13,2026-11-24,04:13:16,06:25:16,132,Completed
620,5,2,18,2026-10-08,21:30:38,23:56:38,146,Delayed
621,10,5,8,2026-01-03,21:43:48,12:00:48,857,Completed
622,18,9,15,2026-02-15,06:31:05,20:47:05,856,Delayed
623,9,14,10,2026-09-01,11:43:35,02:12:35,869,Scheduled
624,10,8,10,2026-10-21,08:47:09,12:17:09,210,Completed
625,18,11,4,2026-05-12,06:45:52,13:21:52,396,Scheduled
626,7,18,20,2026-05-23,23:16:02,04:28:02,312,Completed
627,20,13,19,2026-12-07,15:11:00,17:08:00,117,Cancelled
628,20,6,3,2026-02-22,01:17:14,15:36:14,859,Delayed
629,5,17,6,2026-04-01,13:19:44,23:38:44,619,Scheduled
630,6,15,3,2026-09-07,13:58:54,16:12:54,134,Completed
631,16,14,4,2026-03-12,13:25:22,22:20:22,535,Completed
632,8,8,13,2026-03-25,09:56:39,22:18:39,742,Cancelled
633,18,17,9,2026-12-16,09:02:49,22:53:49,831,Delayed
634,18,11,3,2026-06-05,00:31:40,13:56:40,805,Completed
635,11,12,18,2026-10-04,08:15:56,17:26:56,551,Scheduled
636,9,16,10,2026-06-11,03:46:27,08:09:27,263,Delayed
637,8,16,3,2026-07-23,21:05:18,09:36:18,751,Cancelled
638,3,4,2,2026-06-03,08:10:20,09:53:20,103,Completed
639,11,5,15,2026-04-10,14:07:28,02:46:28,759,Completed
640,13,13,16,2026-01-21,07:39:56,20:05:56,746,Completed
641,3,19,16,2026-05-10,23:55:20,08:21:20,506,Cancelled
642,10,4,6,2026-05-20,12:41:05,02:48:05,847,Completed
643,12,6,5,2026-05-29,07:14:37,20:31:37,797,Completed
644,5,18,15,2026-04-23,18:05:47,00:52:47,407,Scheduled
645,1,18,4,2026-05-21,10:37:19,12:30:19,113,Cancelled
646,17,11,12,2026-06-05,00:21:55,03:09:55,168,Completed
647,2,3,1,2026-08-27,17:08:48,23:32:48,384,Completed
648,18,20,4,2026-08-14,21:45:19,23:37:19,112,Completed
649,18,10,12,2026-03-19,03:28:25,15:52:25,744,Scheduled
650,18,10,8,2026-01-07,21:09:59,23:37:59,148,Scheduled
651,10,12,2,2026-10-08,22:08:30,01:14:30,186,Delayed
652,18,16,17,2026-01-11,17:00:30,07:25:30,865,Cancelled
653,18,5,12,2026-07-29,18:52:51,08:26:51,814,Delayed
654,6,13,4,2026-06-08,06:03:56,16:40:56,637,Cancelled
655,13,4,3,2026-01-03,13:16:33,14:44:33,88,Cancelled
656,2,20,14,2026-06-13,19:53:16,23:50:16,237,Completed
657,19,7,14,2026-12-11,20:10:54,02:18:54,368,Delayed
658,5,6,20,2026-05-23,08:22:59,19:06:59,644,Delayed
659,11,16,19,2026-02-14,16:45:55,00:13:55,448,Cancelled
660,15,14,15,2026-08-06,12:38:40,16:35:40,237,Delayed
661,2,5,9,2026-01-26,10:26:58,18:23:58,477,Delayed
662,16,19,16,2026-08-05,10:45:24,22:25:24,700,Cancelled
663,16,20,4,2026-03-01,19:52:03,21:40:03,108,Cancelled
664,11,11,10,2026-11-10,12:28:36,03:00:36,872,Completed
665,10,4,13,2026-07-17,06:21:15,15:24:15,543,Scheduled
666,16,2,13,2026-12-13,16:46:59,20:19:59,213,Scheduled
667,13,18,10,2026-04-14,10:13:39,00:43:39,870,Delayed
668,18,5,11,2026-04-10,10:24:16,21:30:16,666,Delayed
669,19,2,14,2026-12-28,04:29:00,06:13:00,104,Completed
670,3,20,10,2026-11-05,04:24:13,12:19:13,475,Completed
671,7,16,14,2026-02-19,16:12:01,04:11:01,719,Completed
672,11,12,16,2026-05-06,02:20:44,06:38:44,258,Scheduled
673,16,14,1,2026-11-27,19:14:48,21:52:48,158,Delayed
674,1,20,19,2026-09-13,03:52:45,10:17:45,385,Delayed
675,2,3,6,2026-07-04,22:55:28,07:54:28,539,Cancelled
676,5,19,2,2026-12-24,07:27:18,10:33:18,186,Delayed
677,11,11,18,2026-10-22,06:37:56,09:25:56,168,Delayed
678,6,1,18,2026-09-02,05:21:32,12:24:32,423,Delayed
679,2,19,6,2026-05-27,20:56:48,10:33:48,817,Completed
680,4,17,8,2026-10-26,23:53:44,01:18:44,85,Cancelled
681,15,7,9,2026-04-01,16:25:29,20:53:29,268,Scheduled
682,17,11,20,2026-06-02,09:13:19,14:50:19,337,Delayed
683,6,9,19,2026-03-11,14:29:29,16:56:29,147,Completed
684,11,17,2,2026-12-29,07:33:56,15:23:56,470,Delayed
685,16,15,7,2026-04-05,21:12:55,23:37:55,145,Delayed
686,15,18,4,2026-10-08,11:28:04,01:34:04,846,Scheduled
687,3,8,5,2026-07-03,21:29:28,07:13:28,584,Completed
688,11,15,19,2026-05-06,08:30:30,22:19:30,829,Completed
689,20,4,12,2026-05-20,11:39:06,23:23:06,704,Cancelled
690,11,12,1,2026-05-24,21:25:40,06:13:40,528,Scheduled
691,4,18,12,2026-02-05,22:37:49,09:13:49,636,Delayed
692,8,12,10,2026-05-14,20:24:07,22:37:07,133,Completed
693,12,12,6,2026-10-26,07:15:58,17:39:58,624,Cancelled
694,4,18,8,2026-09-28,09:11:49,19:36:49,625,Scheduled
695,9,6,16,2026-12-04,23:09:09,11:35:09,746,Delayed
696,17,12,19,2026-02-04,04:55:53,13:12:53,497,Delayed
697,2,7,16,2026-10-03,18:25:39,04:56:39,631,Scheduled
698,6,9,14,2026-03-09,22:11:24,01:06:24,175,Completed
699,12,13,7,2026-04-18,07:24:42,10:03:42,159,Cancelled
700,20,20,11,2026-09-30,17:01:03,18:17:03,76,Completed
701,11,5,18,2026-12-14,20:36:52,10:00:52,804,Delayed
702,11,20,10,2026-06-17,21:00:44,06:13:44,553,Scheduled
703,12,9,11,2026-10-04,22:10:00,12:06:00,836,Cancelled
704,4,18,1,2026-02-18,14:36:27,03:23:27,767,Cancelled
705,19,1,7,2026-07-03,00:38:16,14:52:16,854,Completed
706,8,19,20,2026-08-12,03:01:43,16:55:43,834,Cancelled
707,16,10,20,2026-12-18,17:20:46,19:20:46,120,Scheduled
708,10,1,12,2026-03-12,01:56:06,13:23:06,687,Cancelled
709,2,20,13,2026-07-29,20:16:42,00:54:42,278,Delayed
710,7,9,4,2026-12-21,20:11:44,08:31:44,740,Delayed
711,2,20,11,2026-11-01,16:34:26,03:25:26,651,Cancelled
712,5,15,8,2026-12-04,18:21:41,22:46:41,265,Scheduled
713,11,8,17,2026-07-04,02:12:50,07:51:50,339,Delayed
714,20,13,1,2026-08-07,07:54:13,13:27:13,333,Cancelled
715,12,2,9,2026-05-18,09:29:59,16:25:59,416,Delayed
716,17,9,8,2026-05-22,15:29:31,05:08:31,819,Completed
717,9,11,12,2026-02-06,00:53:12,15:34:12,881,Completed
718,5,5,14,2026-03-01,12:59:24,01:41:24,762,Completed
719,17,11,9,2026-09-05,02:35:05,16:07:05,812,Completed
720,7,17,19,2026-09-21,23:48:54,11:50:54,722,Completed
721,15,16,9,2026-04-15,13:51:29,04:18:29,867,Completed
722,20,5,11,2026-08-10,21:15:23,03:48:23,393,Completed
723,17,12,3,2026-09-03,14:10:44,17:14:44,184,Cancelled
724,17,19,1,2026-02-11,01:24:21,09:00:21,456,Completed
725,7,15,4,2026-12-02,00:18:24,12:10:24,712,Completed
726,6,19,5,2026-03-18,08:39:58,11:17:58,158,Completed
727,10,6,8,2026-11-22,18:17:45,08:38:45,861,Cancelled
728,3,18,15,2026-05-28,03:41:24,07:47:24,246,Completed
729,6,7,6,2026-05-02,11:41:15,18:53:15,432,Delayed
730,20,15,5,2026-08-24,14:55:35,19:33:35,278,Cancelled
731,9,15,10,2026-01-21,01:39:09,07:43:09,364,Scheduled
732,13,10,3,2026-01-17,23:51:53,10:09:53,618,Delayed
733,20,7,2,2026-07-30,03:55:05,15:21:05,686,Delayed
734,3,19,3,2026-05-16,04:36:14,16:44:14,728,Completed
735,5,7,16,2026-12-26,03:47:02,05:25:02,98,Scheduled
736,5,18,19,2026-11-08,03:23:18,13:09:18,586,Scheduled
737,12,7,14,2026-09-03,02:52:42,13:02:42,610,Cancelled
738,17,10,14,2026-06-20,23:20:56,07:50:56,510,Scheduled
739,4,3,8,2026-05-15,22:10:27,06:07:27,477,Scheduled
740,5,17,8,2026-02-16,18:35:00,09:35:00,900,Completed
741,17,12,11,2026-08-29,03:00:22,15:33:22,753,Completed
742,2,16,3,2026-02-28,09:07:54,13:56:54,289,Cancelled
743,11,4,9,2026-09-06,16:10:46,21:01:46,291,Delayed
744,14,3,12,2026-04-21,06:26:33,18:17:33,711,Completed
745,18,2,6,2026-09-10,15:19:55,21:57:55,398,Completed
746,3,11,6,2026-07-08,00:39:16,13:17:16,758,Delayed
747,17,4,20,2026-08-20,01:13:36,07:10:36,357,Completed
748,19,19,3,2026-05-24,13:06:39,21:45:39,519,Cancelled
749,19,8,1,2026-03-31,15:53:51,22:17:51,384,Scheduled
750,10,15,3,2026-01-08,04:16:15,06:50:15,154,Delayed
751,5,16,7,2026-12-30,15:50:13,19:37:13,227,Completed
752,8,3,4,2026-10-13,11:08:05,15:51:05,283,Scheduled
753,18,19,8,2026-05-17,12:11:44,21:22:44,551,Completed
754,18,12,1,2026-05-20,21:25:54,07:19:54,594,Scheduled
755,17,18,17,2026-02-23,12:47:25,15:07:25,140,Delayed
756,3,12,8,2026-01-09,20:58:42,08:18:42,680,Delayed
757,1,11,16,2026-04-17,08:20:59,20:54:59,754,Delayed
758,9,15,18,2026-12-28,14:47:41,03:59:41,792,Completed
759,5,13,11,2026-09-16,01:39:58,13:47:58,728,Delayed
760,5,12,2,2026-03-18,11:14:36,18:03:36,409,Scheduled
761,14,19,5,2026-06-03,12:05:43,02:52:43,887,Completed
762,9,18,8,2026-06-30,04:56:01,14:51:01,595,Scheduled
763,7,1,2,2026-04-12,17:41:47,06:12:47,751,Completed
764,15,18,11,2026-10-17,01:04:46,07:00:46,356,Cancelled
765,8,11,3,2026-02-28,05:16:54,12:14:54,418,Cancelled
766,15,16,3,2026-09-27,07:53:06,16:13:06,500,Scheduled
767,17,1,5,2026-01-01,05:14:12,08:32:12,198,Completed
768,17,18,13,2026-06-05,00:24:08,10:47:08,623,Completed
769,13,11,20,2026-04-30,09:46:17,17:31:17,465,Cancelled
770,20,11,7,2026-12-09,10:30:29,16:42:29,372,Delayed
771,9,8,1,2026-02-21,22:45:21,03:48:21,303,Completed
772,13,15,11,2026-02-06,05:44:23,06:58:23,74,Scheduled
773,19,15,9,2026-11-23,23:14:34,13:04:34,830,Completed
774,15,16,14,2026-11-06,20:23:40,07:58:40,695,Delayed
775,9,4,13,2026-08-18,04:56:27,07:31:27,155,Completed
776,17,16,13,2026-01-03,15:09:16,03:11:16,722,Scheduled
777,7,13,10,2026-07-20,14:53:41,23:32:41,519,Delayed
778,11,20,11,2026-04-20,12:50:27,21:48:27,538,Cancelled
779,19,5,13,2026-09-06,08:45:49,18:07:49,562,Cancelled
780,8,6,9,2026-07-15,12:31:29,19:54:29,443,Delayed
781,6,17,9,2026-12-12,15:40:48,20:47:48,307,Delayed
782,18,2,18,2026-01-08,00:46:54,02:09:54,83,Scheduled
783,9,16,20,2026-05-07,23:36:41,09:54:41,618,Scheduled
784,12,8,4,2026-04-05,02:48:53,13:33:53,645,Scheduled
785,7,19,15,2026-10-12,17:04:22,05:12:22,728,Completed
786,5,12,1,2026-05-18,04:35:17,11:25:17,410,Cancelled
787,7,20,12,2026-11-27,22:52:47,13:02:47,850,Completed
788,16,16,18,2026-05-20,04:00:25,15:18:25,678,Completed
789,12,14,16,2026-07-26,04:23:04,07:42:04,199,Completed
790,16,2,1,2026-11-09,16:54:00,00:17:00,443,Completed
791,15,10,3,2026-03-21,06:16:05,17:33:05,677,Completed
792,2,15,7,2026-09-01,07:52:42,13:23:42,331,Delayed
793,19,17,10,2026-03-05,20:34:24,22:45:24,131,Completed
794,4,4,19,2026-07-30,01:00:32,08:45:32,465,Scheduled
795,6,9,16,2026-07-14,07:23:07,19:49:07,746,Scheduled
796,19,1,2,2026-04-27,18:03:11,03:16:11,553,Completed
797,4,6,5,2026-10-17,15:40:31,18:54:31,194,Cancelled
798,20,2,16,2026-08-11,01:01:41,02:59:41,118,Cancelled
799,20,11,19,2026-11-17,21:29:14,10:09:14,760,Cancelled
800,10,12,13,2026-02-07,15:25:13,00:01:13,516,Scheduled
801,19,5,15,2026-04-28,10:44:44,23:45:44,781,Completed
802,14,8,16,2026-04-12,03:00:40,11:21:40,501,Delayed
803,12,18,16,2026-01-04,13:04:40,00:02:40,658,Cancelled
804,12,8,18,2026-11-29,10:23:53,13:35:53,192,Completed
805,19,5,9,2026-12-16,08:29:54,21:22:54,773,Scheduled
806,17,10,3,2026-01-05,21:49:14,06:38:14,529,Scheduled
807,9,4,2,2026-07-15,22:39:40,05:02:40,383,Completed
808,11,12,13,2026-10-17,17:25:18,22:01:18,276,Completed
809,17,2,3,2026-02-06,04:16:56,10:10:56,354,Scheduled
810,18,4,20,2026-06-10,17:49:42,02:52:42,543,Scheduled
811,1,19,1,2026-11-09,19:14:28,07:15:28,721,Cancelled
812,2,9,18,2026-08-30,10:43:56,16:41:56,358,Scheduled
813,14,17,6,2026-03-01,11:44:03,18:12:03,388,Scheduled
814,1,11,6,2026-02-16,17:48:47,02:07:47,499,Cancelled
815,19,3,4,2026-10-04,07:36:26,14:22:26,406,Cancelled
816,16,11,7,2026-07-20,12:42:09,17:53:09,311,Delayed
817,12,15,8,2026-04-08,15:08:34,02:05:34,657,Completed
818,7,2,13,2026-08-08,13:55:16,22:04:16,489,Completed
819,14,20,12,2026-07-13,11:45:46,19:36:46,471,Completed
820,14,19,11,2026-03-22,17:56:32,19:10:32,74,Completed
821,8,1,3,2026-05-07,06:39:03,20:28:03,829,Cancelled
822,20,2,10,2026-06-26,04:48:59,16:55:59,727,Completed
823,16,1,10,2026-06-19,03:34:53,17:23:53,829,Completed
824,5,4,13,2026-07-08,22:13:27,12:49:27,876,Scheduled
825,2,3,7,2026-09-12,18:17:01,23:07:01,290,Completed
826,17,4,8,2026-02-24,01:18:00,06:48:00,330,Scheduled
827,14,9,13,2026-08-25,02:42:12,07:01:12,259,Cancelled
828,4,17,19,2026-12-18,17:13:53,22:33:53,320,Delayed
829,2,10,20,2026-01-30,00:44:18,15:24:18,880,Cancelled
830,1,14,9,2026-01-27,12:43:20,03:30:20,887,Delayed
831,19,20,19,2026-12-07,07:24:13,12:35:13,311,Completed
832,6,15,2,2026-06-28,06:51:18,21:01:18,850,Delayed
833,18,5,18,2026-04-23,04:58:57,16:35:57,697,Completed
834,18,8,2,2026-02-26,07:31:46,15:52:46,501,Cancelled
835,5,20,11,2026-12-20,19:11:41,07:23:41,732,Delayed
836,8,11,10,2026-02-11,01:59:26,06:23:26,264,Completed
837,12,14,12,2026-02-28,04:48:52,07:57:52,189,Cancelled
838,16,11,7,2026-01-04,19:46:01,01:05:01,319,Scheduled
839,2,20,18,2026-02-23,10:14:06,15:54:06,340,Scheduled
840,20,14,20,2026-02-28,11:19:23,23:34:23,735,Completed
841,15,4,3,2026-06-22,14:35:37,17:33:37,178,Scheduled
842,6,15,8,2026-04-25,18:53:20,04:51:20,598,Cancelled
843,3,18,10,2026-09-06,05:21:07,13:56:07,515,Scheduled
844,3,15,18,2026-05-09,10:06:15,13:51:15,225,Completed
845,7,6,19,2026-04-10,16:40:51,07:35:51,895,Scheduled
846,4,17,6,2026-12-24,03:02:00,05:16:00,134,Completed
847,14,9,15,2026-11-18,04:13:09,15:09:09,656,Delayed
848,8,7,2,2026-04-10,10:56:23,20:10:23,554,Scheduled
849,3,19,4,2026-12-07,11:24:41,17:02:41,338,Scheduled
850,20,5,19,2026-08-26,20:51:57,09:45:57,774,Scheduled
851,2,17,9,2026-03-16,20:03:31,11:03:31,900,Cancelled
852,4,2,7,2026-06-30,05:03:52,13:35:52,512,Scheduled
853,15,1,9,2026-12-08,23:42:41,02:06:41,144,Cancelled
854,13,1,5,2026-01-14,10:04:51,22:08:51,724,Cancelled
855,5,14,18,2026-02-24,22:07:04,11:12:04,785,Scheduled
856,5,10,18,2026-10-25,10:16:05,12:53:05,157,Cancelled
857,14,15,16,2026-01-25,04:29:52,19:07:52,878,Scheduled
858,14,11,13,2026-01-27,17:28:50,03:53:50,625,Completed
859,12,6,17,2026-09-27,13:08:18,15:59:18,171,Delayed
860,12,7,14,2026-07-29,03:21:16,15:10:16,709,Cancelled
861,4,3,10,2026-07-29,07:30:25,11:06:25,216,Completed
862,16,7,4,2026-12-21,10:27:51,15:43:51,316,Completed
863,8,12,20,2026-11-21,06:23:39,09:38:39,195,Delayed
864,2,1,12,2026-03-27,01:02:03,05:54:03,292,Cancelled
865,4,5,9,2026-12-20,08:22:01,11:57:01,215,Scheduled
866,11,19,6,2026-12-17,11:28:06,01:45:06,857,Scheduled
867,6,15,12,2026-11-03,18:16:15,19:36:15,80,Scheduled
868,9,1,13,2026-08-18,00:34:56,08:22:56,468,Scheduled
869,12,16,3,2026-06-26,19:49:08,05:00:08,551,Completed
870,18,18,9,2026-09-12,08:09:45,22:35:45,866,Delayed
871,11,17,7,2026-10-07,22:16:21,05:25:21,429,Cancelled
872,19,2,13,2026-03-18,21:54:16,12:10:16,856,Delayed
873,9,7,11,2026-09-22,11:33:16,13:47:16,134,Scheduled
874,1,5,11,2026-09-03,04:58:11,09:35:11,277,Scheduled
875,13,6,16,2026-05-16,07:30:58,10:38:58,188,Scheduled
876,18,20,8,2026-05-04,05:28:00,14:18:00,530,Delayed
877,4,19,11,2026-05-03,15:38:43,01:10:43,572,Completed
878,9,2,20,2026-08-07,04:01:33,06:32:33,151,Completed
879,14,19,18,2026-06-30,06:23:51,13:42:51,439,Cancelled
880,17,10,17,2026-11-20,13:18:36,01:36:36,738,Scheduled
881,13,12,11,2026-09-29,16:14:08,19:49:08,215,Completed
882,19,2,1,2026-10-03,02:55:33,06:01:33,186,Scheduled
883,1,3,9,2026-07-20,00:18:47,11:16:47,658,Completed
884,13,10,6,2026-08-23,05:03:22,16:41:22,698,Completed
885,5,12,20,2026-03-03,21:28:07,23:51:07,143,Delayed
886,16,14,9,2026-01-09,14:30:38,20:25:38,355,Scheduled
887,17,11,5,2026-11-08,18:04:21,19:25:21,81,Cancelled
888,9,12,13,2026-09-12,19:04:25,22:34:25,210,Cancelled
889,4,6,14,2026-10-09,10:40:21,22:01:21,681,Scheduled
890,4,17,2,2026-12-14,07:56:14,10:27:14,151,Cancelled
891,8,16,20,2026-02-21,19:28:44,01:43:44,375,Completed
892,4,3,5,2026-06-10,20:37:28,06:56:28,619,Completed
893,8,7,20,2026-10-17,08:35:48,14:54:48,379,Cancelled
894,17,11,14,2026-12-29,05:54:48,10:38:48,284,Delayed
895,4,2,14,2026-02-05,16:15:03,22:19:03,364,Completed
896,3,2,7,2026-10-05,03:47:48,15:11:48,684,Cancelled
897,13,15,11,2026-07-15,16:19:44,03:05:44,646,Delayed
898,10,3,2,2026-05-19,16:26:22,06:28:22,842,Delayed
899,16,4,2,2026-07-01,06:21:51,16:07:51,586,Delayed
900,4,13,4,2026-10-24,09:33:00,15:27:00,354,Scheduled
901,11,9,17,2026-05-09,07:47:47,17:35:47,588,Cancelled
902,17,11,6,2026-04-22,04:35:28,07:12:28,157,Cancelled
903,18,19,7,2026-07-26,16:50:24,05:07:24,737,Scheduled
904,10,17,11,2026-03-18,15:39:03,03:06:03,687,Scheduled
905,15,17,16,2026-05-31,07:28:45,08:58:45,90,Completed
906,13,12,13,2026-03-13,09:24:04,20:40:04,676,Scheduled
907,20,4,10,2026-08-01,02:36:29,09:30:29,414,Scheduled
908,9,15,6,2026-11-07,18:09:25,02:12:25,483,Completed
909,4,11,19,2026-10-25,09:48:52,20:32:52,644,Completed
910,16,11,2,2026-12-06,05:07:04,13:10:04,483,Completed
911,13,15,16,2026-05-09,04:13:45,17:50:45,817,Delayed
912,10,9,13,2026-02-06,02:30:17,12:49:17,619,Scheduled
913,20,5,12,2026-01-08,14:54:57,18:02:57,188,Delayed
914,11,6,9,2026-05-26,03:05:16,05:50:16,165,Cancelled
915,9,17,11,2026-03-06,11:15:24,02:07:24,892,Delayed
916,20,2,18,2026-08-09,05:36:14,08:07:14,151,Completed
917,4,8,15,2026-05-10,08:17:04,22:23:04,846,Delayed
918,14,12,17,2026-01-14,05:55:17,10:48:17,293,Delayed
919,18,2,15,2026-08-08,17:17:00,01:31:00,494,Delayed
920,5,15,6,2026-04-18,11:28:21,02:17:21,889,Cancelled
921,2,13,18,2026-05-24,19:50:31,03:04:31,434,Scheduled
922,18,5,15,2026-02-23,01:31:56,02:36:56,65,Completed
923,10,16,4,2026-12-15,15:54:55,05:30:55,816,Delayed
924,7,3,12,2026-03-03,23:28:23,12:46:23,798,Completed
925,12,5,11,2026-06-24,22:10:37,05:53:37,463,Cancelled
926,8,7,12,2026-02-04,14:28:10,03:12:10,764,Delayed
927,19,12,19,2026-11-20,00:21:35,04:55:35,274,Completed
928,11,13,18,2026-10-27,22:14:10,03:33:10,319,Scheduled
929,14,3,4,2026-05-06,02:58:12,13:32:12,634,Completed
930,10,7,16,2026-01-06,08:51:13,10:29:13,98,Cancelled
931,5,10,14,2026-12-30,03:40:49,18:11:49,871,Completed
932,6,14,2,2026-08-17,01:59:39,06:57:39,298,Cancelled
933,8,3,12,2026-04-27,10:00:06,15:14:06,314,Delayed
934,1,8,10,2026-05-25,22:58:42,02:23:42,205,Scheduled
935,12,12,15,2026-02-17,05:41:49,08:09:49,148,Scheduled
936,4,15,18,2026-02-13,14:27:33,23:18:33,531,Scheduled
937,6,13,20,2026-03-30,04:08:31,11:25:31,437,Delayed
938,15,8,13,2026-09-30,06:54:00,20:12:00,798,Delayed
939,12,17,6,2026-10-13,18:29:04,20:35:04,126,Cancelled
940,16,12,9,2026-10-07,16:07:21,06:19:21,852,Completed
941,13,14,16,2026-04-12,03:40:52,10:49:52,429,Completed
942,8,4,18,2026-10-24,15:49:39,04:18:39,749,Delayed
943,12,17,10,2026-06-13,19:39:07,06:03:07,624,Cancelled
944,5,17,1,2026-07-27,09:46:15,14:32:15,286,Cancelled
945,4,1,20,2026-05-21,18:20:59,07:14:59,774,Scheduled
946,1,7,12,2026-01-05,18:43:56,21:13:56,150,Cancelled
947,1,20,13,2026-01-16,14:30:50,02:39:50,729,Scheduled
948,4,19,10,2026-09-21,03:18:31,06:01:31,163,Scheduled
949,6,12,3,2026-07-08,13:16:13,01:22:13,726,Scheduled
950,1,9,2,2026-11-26,11:09:24,15:56:24,287,Completed
951,18,7,9,2026-05-22,16:50:37,18:40:37,110,Delayed
952,8,6,2,2026-04-11,23:36:14,01:51:14,135,Completed
953,12,12,18,2026-04-03,07:29:56,14:35:56,426,Delayed
954,8,20,19,2026-02-05,16:27:25,17:36:25,69,Cancelled
955,2,9,19,2026-10-09,16:48:22,02:19:22,571,Scheduled
956,7,16,13,2026-06-18,16:38:13,18:53:13,135,Delayed
957,11,11,17,2026-02-14,19:26:37,07:03:37,697,Scheduled
958,1,18,12,2026-01-22,03:42:40,05:01:40,79,Completed
959,14,1,17,2026-03-17,23:13:11,04:22:11,309,Completed
960,17,20,6,2026-04-22,22:20:44,07:49:44,569,Cancelled
961,2,4,19,2026-08-25,21:29:59,23:11:59,102,Scheduled
962,13,2,14,2026-01-24,21:50:23,05:46:23,476,Scheduled
963,3,2,16,2026-03-05,08:15:39,16:47:39,512,Delayed
964,17,12,1,2026-02-13,17:16:36,07:12:36,836,Completed
965,6,4,7,2026-07-02,13:05:15,01:37:15,752,Completed
966,16,9,7,2026-06-22,12:09:33,01:06:33,777,Scheduled
967,6,13,14,2026-02-24,16:04:47,22:46:47,402,Cancelled
968,16,5,14,2026-10-28,09:21:29,14:10:29,289,Scheduled
969,16,3,9,2026-05-29,03:34:20,10:30:20,416,Completed
970,3,9,16,2026-04-05,23:10:59,10:42:59,692,Delayed
971,8,17,19,2026-01-20,10:19:12,19:05:12,526,Cancelled
972,1,8,2,2026-04-13,02:11:47,03:29:47,78,Scheduled
973,15,11,15,2026-11-03,18:30:29,20:28:29,118,Cancelled
974,8,12,20,2026-06-16,01:25:42,12:08:42,643,Completed
975,15,4,7,2026-03-30,17:09:06,19:38:06,149,Delayed
976,16,18,16,2026-11-03,18:46:37,03:29:37,523,Delayed
977,3,4,6,2026-12-02,12:27:13,20:17:13,470,Cancelled
978,11,11,16,2026-02-18,20:41:31,06:00:31,559,Completed
979,14,4,7,2026-05-30,11:07:19,20:11:19,544,Cancelled
980,19,14,11,2026-07-07,02:08:31,15:18:31,790,Completed
981,9,14,17,2026-09-23,02:31:22,13:49:22,678,Completed
982,1,11,14,2026-01-23,08:03:55,14:03:55,360,Delayed
983,2,7,9,2026-05-31,17:28:29,01:43:29,495,Scheduled
984,16,4,15,2026-03-03,04:37:53,13:52:53,555,Cancelled
985,19,6,9,2026-11-27,04:49:32,09:24:32,275,Completed
986,6,13,5,2026-07-15,12:56:34,00:40:34,704,Completed
987,9,2,16,2026-05-04,14:13:15,19:46:15,333,Delayed
988,18,7,18,2026-03-06,00:19:10,09:26:10,547,Delayed
989,13,1,7,2026-05-05,20:02:24,08:55:24,773,Completed
990,19,9,12,2026-11-28,07:10:44,10:18:44,188,Delayed
991,17,15,3,2026-01-26,05:35:30,12:46:30,431,Completed
992,15,7,5,2026-12-17,11:49:30,13:28:30,99,Completed
993,17,14,18,2026-06-23,04:17:36,12:14:36,477,Completed
994,7,2,15,2026-08-12,17:03:21,19:18:21,135,Completed
995,11,11,13,2026-12-25,02:05:48,12:05:48,600,Delayed
996,3,3,4,2026-11-24,08:52:27,21:43:27,771,Completed
997,9,20,4,2026-12-17,05:41:55,14:24:55,523,Completed
998,18,9,6,2026-01-10,07:43:40,13:22:40,339,Cancelled
999,20,7,4,2026-04-29,19:57:12,07:34:12,697,Delayed
1000,20,16,4,2026-02-21,10:24:15,20:19:15,595,Delayed
