passengerid,firstname,lastname,gender,dateofbirth,nationality,email,phone,passportnumber
1,Daniel,Lester,Male,1956-05-20,Italian,daniel.lester1@example.com,821.463.2778x5227,WW770545
2,Sandy,Lowery,Male,1990-01-16,Jordanian,sandy.lowery2@example.com,574-448-4930,FE240906
3,Eric,Barr,Male,1972-11-13,Spanish,eric.barr3@example.com,001-693-408-8846x2799,yO458749
4,Lynn,Ford,Female,1979-09-13,French,lynn.ford4@example.com,922-336-1303x424,Hs631258
5,Rhonda,Hall,Male,1969-11-17,Egyptian,rhonda.hall5@example.com,001-930-776-5367,nm870400
6,Rita,Wiley,Female,1973-01-01,Egyptian,rita.wiley6@example.com,001-974-827-7865x0683,ol855573
7,Gregory,Phillips,Female,1985-08-26,German,gregory.phillips7@example.com,+1-317-733-1208x98518,sU075604
8,Jennifer,Moore,Male,1976-09-20,Qatari,jennifer.moore8@example.com,355.787.1076x56132,bO310500
9,Michelle,Ross,Male,2001-04-08,German,michelle.ross9@example.com,+1-925-228-2659x9055,ZC116205
10,Michael,Bauer,Male,1992-11-22,Qatari,michael.bauer10@example.com,+1-360-306-0324x7998,nm429723
11,Ruth,Carter,Female,1958-01-16,Canadian,ruth.carter11@example.com,857-534-5669x881,wl315994
12,Ryan,Cook,Male,1956-07-08,Italian,ryan.cook12@example.com,863-663-6011x87780,JN557819
13,Robert,Davis,Male,1961-11-21,Egyptian,robert.davis13@example.com,+1-598-334-5154x57866,An180687
14,Eric,Mcintyre,Female,1989-01-19,Qatari,eric.mcintyre14@example.com,001-233-942-1525x75085,LQ572804
15,Daniel,Duncan,Female,1980-09-03,Italian,daniel.duncan15@example.com,627-802-3661x22742,MM131748
16,Matthew,Glenn,Male,1978-03-20,Spanish,matthew.glenn16@example.com,001-418-656-0738x170,XT892470
17,Kelly,Perez,Male,1994-07-19,German,kelly.perez17@example.com,(675)575-0829x623,gg101786
18,Michael,Evans,Male,1993-12-12,French,michael.evans18@example.com,+1-543-211-0598x49084,DV387249
19,Richard,Norris,Male,1991-03-03,American,richard.norris19@example.com,817-890-2295x9198,fh660318
20,Ryan,Garcia,Female,2007-03-03,Qatari,ryan.garcia20@example.com,+1-299-228-8536x34794,nu211588
21,Patricia,Shaw,Male,1983-09-20,German,patricia.shaw21@example.com,296-592-6857x09706,rU673399
22,Michael,Durham,Male,1997-03-12,Turkish,michael.durham22@example.com,001-722-801-3704x9607,KR682693
23,Isaiah,Larsen,Female,1963-02-26,Emirati,isaiah.larsen23@example.com,780.985.9146x813,Xr157713
24,Alan,Clay,Male,1977-03-27,Qatari,alan.clay24@example.com,001-887-818-4808x962,XV930888
25,John,Burns,Male,1960-02-05,Qatari,john.burns25@example.com,590-570-8318,Pg817594
26,Keith,Gonzalez,Female,1994-11-18,French,keith.gonzalez26@example.com,001-613-380-4334x940,BL203204
27,Christopher,Allen,Male,1974-10-31,French,christopher.allen27@example.com,+1-731-692-8441,zZ272698
28,Lisa,Mcpherson,Female,1956-12-29,Egyptian,lisa.mcpherson28@example.com,(921)519-3962,lS113077
29,Michael,Garcia,Female,1956-07-12,Qatari,michael.garcia29@example.com,929.445.5193x6339,jC250075
30,Courtney,Mcintosh,Female,1971-02-17,Turkish,courtney.mcintosh30@example.com,+1-626-469-3459x9917,oQ982004
31,Patricia,Page,Female,1972-07-29,British,patricia.page31@example.com,(524)352-2612x9143,Un849413
32,Lisa,Martin,Male,1986-05-19,Saudi,lisa.martin32@example.com,5129049384,gJ121623
33,Justin,Alvarez,Female,1960-09-18,Spanish,justin.alvarez33@example.com,(749)576-1669,Oo954046
34,Lisa,Mendoza,Male,1963-01-22,Australian,lisa.mendoza34@example.com,+1-559-716-6313x32734,Fo173604
35,Aaron,Long,Female,1983-09-04,Turkish,aaron.long35@example.com,865-689-8679x27782,Yt068060
36,Brittany,Lane,Female,1972-03-22,Saudi,brittany.lane36@example.com,424.998.9789x661,Ol208669
37,Nicole,Stone,Male,1963-11-03,Turkish,nicole.stone37@example.com,639.702.3082x88665,HR045866
38,Joseph,Benson,Male,1967-03-22,Australian,joseph.benson38@example.com,(506)585-0115x3673,XH381739
39,John,Wilson,Male,1965-12-11,German,john.wilson39@example.com,+1-781-475-1582,Sq548537
40,Robert,Shields,Male,1970-10-29,American,robert.shields40@example.com,(881)451-6927x775,cE913253
41,Alex,Richardson,Male,1983-07-22,French,alex.richardson41@example.com,259.488.3130x49843,Jy970813
42,Anthony,Avila,Female,1996-04-30,French,anthony.avila42@example.com,+1-266-583-0584x665,ZH254477
43,Steven,Smith,Female,2001-05-02,Jordanian,steven.smith43@example.com,+1-301-814-0414,jC841070
44,Alice,Hunt,Female,1975-04-20,Egyptian,alice.hunt44@example.com,(613)912-3460x5097,Le578676
45,William,Taylor,Male,2001-05-10,Italian,william.taylor45@example.com,001-265-597-3854x07792,rV777941
46,Tyler,Miller,Male,1963-02-17,German,tyler.miller46@example.com,001-440-646-7893x61508,Rz456758
47,Erica,Merritt,Female,1974-05-04,Indian,erica.merritt47@example.com,882-570-4062,Dd561970
48,James,Roach,Female,1956-01-15,Egyptian,james.roach48@example.com,(813)546-4802x31474,nk859102
49,John,Miller,Male,1981-02-04,Emirati,john.miller49@example.com,800-441-0172,cq290101
50,Elizabeth,Cardenas,Female,1974-07-07,Egyptian,elizabeth.cardenas50@example.com,(388)504-1923x5613,Rn652313
51,Chad,Farmer,Female,1961-09-02,Jordanian,chad.farmer51@example.com,(762)733-4215,fy230419
52,Joshua,Craig,Female,1984-12-26,Spanish,joshua.craig52@example.com,878-713-2199,Bv549199
53,Keith,Campbell,Female,2007-12-12,Australian,keith.campbell53@example.com,+1-359-305-4606x73974,ha189927
54,Stacey,Hendrix,Male,1965-11-01,Canadian,stacey.hendrix54@example.com,+1-722-220-5466,JN342103
55,Marco,Benson,Male,2001-09-21,German,marco.benson55@example.com,001-609-646-1131x982,Oh189544
56,Sheila,Contreras,Female,1977-10-18,Australian,sheila.contreras56@example.com,444.863.9032,Mp539100
57,Steven,Williams,Male,1996-12-17,Turkish,steven.williams57@example.com,001-765-416-6140,Li972873
58,Cheryl,James,Male,1977-05-07,French,cheryl.james58@example.com,599.735.0436,ZW788997
59,Richard,Burnett,Female,2003-04-11,Egyptian,richard.burnett59@example.com,561-684-8758,uF686969
60,Robert,Castaneda,Female,2003-07-25,Egyptian,robert.castaneda60@example.com,(808)987-8783,Kv440588
61,Hector,Wright,Female,1963-11-21,Spanish,hector.wright61@example.com,9262015144,Sp771962
62,Amanda,Hicks,Female,1994-08-01,Qatari,amanda.hicks62@example.com,(483)546-6062,hc681265
63,Travis,Mullen,Male,1965-07-20,American,travis.mullen63@example.com,001-905-605-8048x767,ZY117373
64,Kelsey,Cain,Male,1987-11-26,American,kelsey.cain64@example.com,950.559.3090x4889,tF311468
65,Melissa,Brooks,Male,2005-07-03,American,melissa.brooks65@example.com,460.835.7932,dL414939
66,William,Jones,Male,1989-07-30,French,william.jones66@example.com,+1-868-243-2025x246,gi047817
67,Christian,Jacobson,Female,1988-01-18,Australian,christian.jacobson67@example.com,001-509-575-7588x0571,Uv073696
68,Kathy,Miller,Female,1965-05-20,Canadian,kathy.miller68@example.com,892.613.1291x947,Hz128127
69,Mark,Stevens,Male,1966-01-21,Emirati,mark.stevens69@example.com,4946081991,kx606634
70,Brittany,Simpson,Male,2008-07-30,German,brittany.simpson70@example.com,+1-280-806-9241x8634,Tl014697
71,Cassandra,Russell,Male,2001-02-01,British,cassandra.russell71@example.com,001-460-622-7136x217,YH608143
72,Kenneth,Johnson,Male,2002-03-25,Indian,kenneth.johnson72@example.com,536.848.8029x02798,pn381730
73,Keith,Dudley,Male,1966-10-21,Turkish,keith.dudley73@example.com,682.884.4599x815,cw557588
74,Charles,Silva,Male,1962-11-27,Canadian,charles.silva74@example.com,+1-838-586-0344x29628,lI018393
75,Philip,Burton,Male,1985-01-25,Turkish,philip.burton75@example.com,001-962-309-1943,no582043
76,Kathy,Rodriguez,Male,1979-08-31,Australian,kathy.rodriguez76@example.com,(496)998-1780,kf022888
77,Caitlin,Lucas,Female,2004-07-10,Turkish,caitlin.lucas77@example.com,001-684-664-7469x5397,Wo967124
78,Heather,Ryan,Male,2003-12-03,Turkish,heather.ryan78@example.com,001-462-220-6604,oE517273
79,Jose,Brown,Male,1985-07-22,Canadian,jose.brown79@example.com,(773)855-5154x5228,os976310
80,Mary,Weber,Female,1997-04-17,British,mary.weber80@example.com,(992)437-3035x676,ZI764569
81,Christine,Goodwin,Female,1981-03-01,Spanish,christine.goodwin81@example.com,713-969-8615x991,xG814498
82,Thomas,Kent,Male,1975-03-16,Qatari,thomas.kent82@example.com,367-679-7929,Ja598356
83,Nicole,Collins,Male,1995-03-27,Turkish,nicole.collins83@example.com,+1-386-494-5650,Mr088651
84,Zachary,Ruiz,Female,1986-04-14,Qatari,zachary.ruiz84@example.com,+1-940-396-6925x985,Gk937065
85,Wendy,Parker,Female,1961-10-13,Qatari,wendy.parker85@example.com,988-292-0732x32527,ZW476650
86,Jerome,Smith,Female,1971-06-22,Italian,jerome.smith86@example.com,(557)397-1085x9002,PQ091017
87,Andrew,Orozco,Female,2001-06-22,Italian,andrew.orozco87@example.com,001-274-569-3850x0653,ej650841
88,Warren,Gutierrez,Male,1984-03-26,British,warren.gutierrez88@example.com,+1-556-719-0174,xz006509
89,Aaron,Schmidt,Female,1969-05-08,German,aaron.schmidt89@example.com,731.456.1621x890,uc380647
90,Ashley,Berger,Female,1960-03-01,German,ashley.berger90@example.com,001-316-535-2087x551,SD249878
91,Ronald,Collins,Male,1983-09-20,American,ronald.collins91@example.com,+1-585-248-4277x413,kU253869
92,Michael,Jackson,Male,1998-03-11,Qatari,michael.jackson92@example.com,+1-802-922-9577x9165,bM572807
93,David,Nguyen,Male,1968-06-29,German,david.nguyen93@example.com,001-876-903-4181x57966,iG872305
94,Nicholas,Parker,Female,1997-02-12,Italian,nicholas.parker94@example.com,001-832-298-6727,RA534148
95,Lisa,Hardin,Male,1956-12-06,French,lisa.hardin95@example.com,001-546-438-6264,DF100328
96,Richard,Burke,Female,1971-12-11,Spanish,richard.burke96@example.com,550.592.9923x48214,UO168141
97,Jason,Russell,Female,1970-05-04,American,jason.russell97@example.com,853-209-0896x40745,qt511943
98,Joshua,Johnson,Female,2003-11-27,Australian,joshua.johnson98@example.com,001-449-220-8538x55359,Xl884404
99,Mark,Marquez,Male,1979-05-21,German,mark.marquez99@example.com,+1-748-284-3294x1002,hm078713
100,Kelsey,Gibbs,Male,1983-03-12,American,kelsey.gibbs100@example.com,001-345-932-3040x6018,np170663
101,Edward,Phillips,Male,1972-07-18,Spanish,edward.phillips101@example.com,(963)968-5295x6732,sG774001
102,Robert,Holder,Male,1979-04-01,Saudi,robert.holder102@example.com,001-795-367-0544x22377,zo840874
103,Amy,Nguyen,Male,1983-12-05,Egyptian,amy.nguyen103@example.com,4169566054,WN445304
104,Daniel,Brooks,Female,1974-05-19,Italian,daniel.brooks104@example.com,3823507204,TQ928596
105,Lynn,Harrington,Female,1977-12-17,Saudi,lynn.harrington105@example.com,617-318-1352x84133,Kn540100
106,Gary,Kaiser,Male,1990-12-05,Italian,gary.kaiser106@example.com,(763)845-4886x73277,fY699379
107,Elizabeth,Carter,Female,1969-06-13,Canadian,elizabeth.carter107@example.com,903-769-4845x38546,VQ625373
108,Randall,Nelson,Female,1959-11-07,Australian,randall.nelson108@example.com,+1-655-947-2884x893,Ay586222
109,Jennifer,Jones,Female,1974-10-29,Saudi,jennifer.jones109@example.com,970-592-2001x14153,AO070102
110,Sharon,Roberts,Female,1971-11-17,American,sharon.roberts110@example.com,341.448.8085x1120,ZL966528
111,Mark,Norton,Male,1989-07-01,Jordanian,mark.norton111@example.com,001-221-248-2579x60120,Ub730616
112,Kenneth,Miller,Female,1980-10-19,French,kenneth.miller112@example.com,(490)304-4696x66927,OG173064
113,Gina,Wells,Male,1981-12-20,Saudi,gina.wells113@example.com,001-512-742-1856,zr559864
114,Lucas,Moore,Female,1967-06-04,Italian,lucas.moore114@example.com,(881)942-1380x3416,FZ902396
115,Leah,Hayes,Female,2004-01-11,British,leah.hayes115@example.com,001-547-930-1016x5154,jI825305
116,Sylvia,Mcintyre,Female,1996-05-19,Jordanian,sylvia.mcintyre116@example.com,523.370.0189,JW611952
117,Krista,Taylor,Female,1979-04-22,Indian,krista.taylor117@example.com,999-597-3213x39482,LO615068
118,Keith,Long,Female,1976-03-08,Canadian,keith.long118@example.com,001-757-528-9263x904,An074278
119,Susan,Soto,Female,1978-09-25,Canadian,susan.soto119@example.com,315-927-5325x330,Zz270424
120,Luke,Terrell,Male,1996-08-15,Canadian,luke.terrell120@example.com,560-644-3674,Oi935065
121,Noah,Foster,Female,1970-04-07,French,noah.foster121@example.com,9394150597,xs396069
122,Emily,Morales,Male,1965-10-01,Saudi,emily.morales122@example.com,288-422-3212x3212,gs350849
123,Eric,May,Female,1989-05-07,Qatari,eric.may123@example.com,461-332-1580x96718,lb463908
124,Maria,Shannon,Female,1980-10-31,Turkish,maria.shannon124@example.com,407.257.2847,MU350696
125,Stephen,Carpenter,Male,2002-12-30,Canadian,stephen.carpenter125@example.com,3547925973,GU155863
126,Jennifer,Hall,Male,1965-10-08,French,jennifer.hall126@example.com,(983)994-7195x45781,Xo503469
127,Michelle,Snyder,Female,1985-03-18,Jordanian,michelle.snyder127@example.com,624.931.4483x802,ur053177
128,Jeff,Cook,Female,1995-05-28,Canadian,jeff.cook128@example.com,001-750-490-3902x573,sT079965
129,Lee,Parker,Female,1989-02-13,Turkish,lee.parker129@example.com,798.408.3134x825,Pg127521
130,Victor,Barker,Female,1963-01-20,Saudi,victor.barker130@example.com,(637)751-0531,II453301
131,Justin,Velazquez,Male,1998-02-04,Australian,justin.velazquez131@example.com,835-514-7851x974,TD082928
132,Patricia,Arias,Male,1984-06-16,German,patricia.arias132@example.com,871-749-9501x3539,gl088270
133,Steven,Wood,Female,2001-11-15,Australian,steven.wood133@example.com,+1-779-252-9351x6851,si944937
134,Ariana,Stewart,Female,2004-05-03,Qatari,ariana.stewart134@example.com,693.680.7205,SJ438774
135,Kimberly,Peters,Female,1994-09-12,French,kimberly.peters135@example.com,741.469.7049x338,Fz566192
136,William,Huff,Male,2003-06-24,French,william.huff136@example.com,+1-709-282-6980,xS662384
137,Colton,Martinez,Male,1983-11-11,French,colton.martinez137@example.com,7106173951,LH226385
138,Kayla,Chandler,Male,1971-01-04,Italian,kayla.chandler138@example.com,7865579195,xu827608
139,Jason,Williams,Male,2000-02-03,American,jason.williams139@example.com,001-859-970-0432x345,vp481028
140,Zachary,Howell,Female,1966-01-05,Emirati,zachary.howell140@example.com,+1-342-462-3892,fn538623
141,Nathan,Daniels,Male,1977-11-22,Egyptian,nathan.daniels141@example.com,473-845-9155,tZ064585
142,Timothy,Ball,Male,1959-04-08,French,timothy.ball142@example.com,679-755-2585x9722,wV702772
143,Sierra,Bentley,Female,1957-09-26,Indian,sierra.bentley143@example.com,463.204.8089x468,zk686246
144,Walter,Gomez,Female,1959-02-09,French,walter.gomez144@example.com,873.327.5109,bl303942
145,Jonathan,Montgomery,Female,1980-07-17,German,jonathan.montgomery145@example.com,(554)344-6434x255,kJ544350
146,Terri,Henderson,Female,1960-09-16,Saudi,terri.henderson146@example.com,(795)876-4718x78777,KW649837
147,Shelby,Buck,Female,1989-11-29,Indian,shelby.buck147@example.com,+1-418-963-9104x50221,yu728147
148,William,Gibson,Female,1990-12-21,British,william.gibson148@example.com,953.568.7980x276,pU974016
149,Natalie,Franklin,Female,2003-05-02,German,natalie.franklin149@example.com,708-936-6913x9438,oc481308
150,Mark,Hernandez,Female,1983-02-20,Indian,mark.hernandez150@example.com,(726)575-5610x6547,md751203
151,Clayton,Johnson,Male,1993-06-26,Italian,clayton.johnson151@example.com,001-716-769-5506,qc393529
152,Adam,Navarro,Female,1976-12-27,Canadian,adam.navarro152@example.com,(741)985-1605x1198,fJ801595
153,Brandon,Moss,Female,2007-09-16,Qatari,brandon.moss153@example.com,+1-361-465-0989x4241,nj847135
154,Sandra,Archer,Female,2003-01-19,Saudi,sandra.archer154@example.com,(418)218-7624x659,cP446842
155,Samantha,Novak,Female,2005-08-01,German,samantha.novak155@example.com,650.939.8440,rv718645
156,Matthew,Walsh,Female,1980-03-19,Jordanian,matthew.walsh156@example.com,919-753-4617,BW645407
157,Natalie,Smith,Male,2007-01-08,French,natalie.smith157@example.com,7457492372,DM167651
158,Kenneth,Munoz,Male,2004-09-13,Emirati,kenneth.munoz158@example.com,490.431.0242x7747,oj821168
159,Mary,Berg,Male,1991-05-02,Indian,mary.berg159@example.com,4265823740,uo033375
160,Jeremy,Hunter,Female,1969-02-14,American,jeremy.hunter160@example.com,750.513.4164x697,Ov570112
161,Charles,Serrano,Male,1966-03-06,Australian,charles.serrano161@example.com,001-940-467-0298x68143,TX549079
162,Thomas,Evans,Female,2003-10-28,Italian,thomas.evans162@example.com,512-510-4607x23257,Wt444084
163,Kevin,Craig,Female,2007-05-10,British,kevin.craig163@example.com,(865)537-8499x5553,DY890314
164,Brenda,Smith,Female,1961-01-26,Canadian,brenda.smith164@example.com,748-577-7644,Jc335356
165,Sandy,Ward,Female,1969-12-13,Indian,sandy.ward165@example.com,954.508.2228x525,vL622404
166,Jennifer,Pacheco,Female,1992-10-08,Italian,jennifer.pacheco166@example.com,+1-243-640-0009,rO681402
167,Mark,Reed,Male,1956-06-17,German,mark.reed167@example.com,+1-302-393-5789,Uy050922
168,Peter,Bailey,Female,1955-12-19,German,peter.bailey168@example.com,+1-779-606-1392x2858,HO978110
169,Randy,Potts,Male,1992-08-22,German,randy.potts169@example.com,984.422.8081x441,tX966532
170,Wyatt,Lee,Male,1960-12-14,Egyptian,wyatt.lee170@example.com,896-579-4538x883,rX312881
171,Rachel,Brady,Male,2007-07-01,Indian,rachel.brady171@example.com,349-997-7222,Wc373283
172,Carlos,Smith,Female,1967-03-05,Indian,carlos.smith172@example.com,+1-728-418-2674x8485,GJ314446
173,Paul,Bolton,Female,1984-11-06,Qatari,paul.bolton173@example.com,789.885.0851x79824,Fe398956
174,Joan,Weeks,Male,1980-04-14,Qatari,joan.weeks174@example.com,697-338-0327x4699,GS797628
175,Christina,Singh,Male,1986-01-30,Emirati,christina.singh175@example.com,+1-377-627-0183,jk600274
176,Brian,Marsh,Female,2003-11-01,Saudi,brian.marsh176@example.com,667-513-3416x2052,wA303344
177,Stephanie,Mullen,Female,2007-05-16,Canadian,stephanie.mullen177@example.com,947.657.8783x9245,qI106744
178,Rodney,Allen,Male,1957-02-02,Italian,rodney.allen178@example.com,(888)614-2931x59034,eV880743
179,Alexander,Benson,Female,1980-11-14,Turkish,alexander.benson179@example.com,+1-378-774-4511x281,Es683891
180,Erica,Reynolds,Male,2004-06-21,Jordanian,erica.reynolds180@example.com,508.916.2496,To665051
181,Marcus,Williams,Male,2004-02-23,Emirati,marcus.williams181@example.com,849.332.8762,jQ671187
182,Chris,Cooper,Male,1985-12-03,French,chris.cooper182@example.com,805.850.9195x626,aF689990
183,Anthony,Bell,Female,1971-05-06,Spanish,anthony.bell183@example.com,(876)997-1226x580,WT726180
184,John,Miller,Female,1978-10-23,Spanish,john.miller184@example.com,5392341492,HG426168
185,Caitlin,Hernandez,Female,1958-08-05,Qatari,caitlin.hernandez185@example.com,+1-721-405-6867x0838,Bv972990
186,Mary,Graham,Female,1988-02-13,Qatari,mary.graham186@example.com,+1-294-351-6238,aX274402
187,Alexander,Cox,Male,1971-05-15,German,alexander.cox187@example.com,(651)680-0208x77293,Ze639817
188,Jason,Hansen,Male,1991-01-21,Spanish,jason.hansen188@example.com,(602)907-3766x570,kA460442
189,Dustin,Graves,Female,1965-05-08,Italian,dustin.graves189@example.com,(546)575-2960x1357,jp324230
190,Kayla,Montes,Female,1992-02-08,French,kayla.montes190@example.com,(366)679-7174x192,sE612101
191,Danielle,Thomas,Male,2001-01-11,Spanish,danielle.thomas191@example.com,+1-649-764-9336x0809,Jg228207
192,William,Diaz,Female,1982-04-02,Emirati,william.diaz192@example.com,(776)365-3374x28716,qm961312
193,Justin,Carpenter,Female,1995-08-07,Saudi,justin.carpenter193@example.com,(930)291-4474x4354,Hx223846
194,Ashley,Jones,Female,1989-05-24,Indian,ashley.jones194@example.com,8223690907,oN022798
195,Amanda,Pittman,Male,1984-08-26,Jordanian,amanda.pittman195@example.com,+1-966-325-2667x58972,OT464522
196,Jason,Roach,Female,1965-03-27,Italian,jason.roach196@example.com,649-351-7110x30528,SR362314
197,Emily,Stone,Female,1999-10-30,Emirati,emily.stone197@example.com,+1-671-529-9914x882,Ij252428
198,Andrea,Romero,Male,1963-03-31,French,andrea.romero198@example.com,468-223-2657,CA837263
199,Matthew,Jordan,Male,1979-02-25,Turkish,matthew.jordan199@example.com,001-210-746-1282x39813,oX809525
200,Roberta,Morgan,Female,1995-01-11,Egyptian,roberta.morgan200@example.com,787.465.4300x101,Mm605746
201,Wyatt,Tucker,Male,1982-10-03,Italian,wyatt.tucker201@example.com,001-425-952-3764x238,EV816234
202,Kristy,Harmon,Female,1983-10-31,Turkish,kristy.harmon202@example.com,244.300.7237x26757,xB867880
203,Lori,Garza,Male,1996-05-22,Canadian,lori.garza203@example.com,+1-455-384-4084,iw590990
204,Stephen,Gordon,Male,1975-06-28,Spanish,stephen.gordon204@example.com,+1-684-522-3766,CU577030
205,Peter,Taylor,Female,1968-06-05,Canadian,peter.taylor205@example.com,(882)493-2702,QQ291793
206,Anne,Smith,Female,1985-04-12,Turkish,anne.smith206@example.com,292.819.9770x5565,mk522842
207,Tonya,Koch,Male,1959-03-12,American,tonya.koch207@example.com,690-589-4758x78506,kv832234
208,Steven,Martinez,Male,1958-01-31,Canadian,steven.martinez208@example.com,816.435.7268x357,gj336810
209,Kristy,Banks,Female,2002-01-02,Qatari,kristy.banks209@example.com,445-373-1422,iF875478
210,Ruben,Murillo,Female,1995-10-17,Indian,ruben.murillo210@example.com,001-813-941-0890,jz576029
211,Paula,Alexander,Female,1975-07-24,Spanish,paula.alexander211@example.com,9765560968,Gj470382
212,Tiffany,Jones,Male,1966-10-09,Turkish,tiffany.jones212@example.com,928.644.0130x8761,eu221741
213,Tammy,Stephens,Female,1984-01-30,Turkish,tammy.stephens213@example.com,001-713-792-2597x166,Be714717
214,Samantha,Hanson,Male,2004-06-21,British,samantha.hanson214@example.com,001-805-479-2764x8464,jl872625
215,Jeffrey,Williams,Male,1975-11-16,Italian,jeffrey.williams215@example.com,3019357276,yb225486
216,Laura,Reed,Female,1985-04-12,Emirati,laura.reed216@example.com,001-281-871-9117x24281,hv297924
217,Christina,Williams,Female,2003-04-22,Saudi,christina.williams217@example.com,(577)919-8673,zM079071
218,Sandra,Bartlett,Female,1976-08-10,Jordanian,sandra.bartlett218@example.com,001-746-900-6359,Fo126463
219,Sarah,Schwartz,Male,1987-09-20,German,sarah.schwartz219@example.com,+1-873-479-5817x567,bf839978
220,Christopher,Hart,Female,1990-11-13,American,christopher.hart220@example.com,001-815-235-9434x9527,JY451477
221,William,Wang,Male,1976-07-17,Australian,william.wang221@example.com,001-261-991-8840x1848,FF185392
222,Douglas,Lam,Male,1974-09-17,Egyptian,douglas.lam222@example.com,+1-415-639-5467,Ub372425
223,Monica,Davis,Female,1997-02-03,Australian,monica.davis223@example.com,472-367-6106x7479,rT628031
224,Nathan,Conley,Male,1992-11-10,German,nathan.conley224@example.com,(650)901-5453x92688,ct680912
225,Dawn,Williamson,Female,1988-01-13,Turkish,dawn.williamson225@example.com,290.710.8839x901,kN497552
226,Alexander,Sanders,Female,1965-10-30,Italian,alexander.sanders226@example.com,916.836.2503,Id752019
227,Denise,Martinez,Female,1999-11-13,French,denise.martinez227@example.com,001-797-354-4949x9345,UE972092
228,Justin,Norris,Male,1994-08-04,American,justin.norris228@example.com,9038353407,sn969508
229,Timothy,Hart,Female,1956-07-06,Egyptian,timothy.hart229@example.com,+1-506-857-6565x99880,Sa424769
230,Catherine,Stewart,Female,1968-07-04,Canadian,catherine.stewart230@example.com,732-410-0135,VJ411672
231,Brittany,Cunningham,Female,1971-07-01,Saudi,brittany.cunningham231@example.com,682-945-3963x985,aZ040354
232,Devon,Kelly,Female,2004-07-10,Spanish,devon.kelly232@example.com,(448)724-5337x12461,Cy379894
233,Robin,Taylor,Female,1993-05-06,Qatari,robin.taylor233@example.com,001-631-286-9685x447,jU380826
234,Tonya,Parrish,Female,2003-05-21,French,tonya.parrish234@example.com,001-495-461-5817,nO832397
235,William,Callahan,Female,1963-10-22,Australian,william.callahan235@example.com,(740)867-6658x06978,Zs457702
236,Toni,Delgado,Female,1983-11-04,Australian,toni.delgado236@example.com,001-615-289-1276x129,kP129081
237,Tammy,Delgado,Male,2000-02-17,Australian,tammy.delgado237@example.com,930-627-7135,rD072166
238,Tiffany,White,Female,1996-10-01,American,tiffany.white238@example.com,(509)907-8888x080,Sk671144
239,Victoria,Wright,Male,2000-10-27,Egyptian,victoria.wright239@example.com,(896)260-5971x692,wo463160
240,David,Davis,Female,1987-02-26,Jordanian,david.davis240@example.com,+1-488-698-4835,Mn074278
241,Christina,Pierce,Male,1965-02-28,Emirati,christina.pierce241@example.com,001-900-485-2816x3282,lp211650
242,Kimberly,Fields,Female,1976-10-08,Spanish,kimberly.fields242@example.com,563-651-0555,QT461600
243,Allison,Nelson,Male,1984-01-26,British,allison.nelson243@example.com,(733)410-3496x6754,iC709398
244,Nicholas,Luna,Female,1957-01-26,Qatari,nicholas.luna244@example.com,001-935-899-5316x40935,Af586629
245,William,Williams,Male,1966-05-25,German,william.williams245@example.com,809.988.6178,XE753723
246,Erin,Reyes,Male,1992-08-16,Italian,erin.reyes246@example.com,(466)695-9578x8250,Rt957322
247,Joshua,Hill,Female,2000-02-06,Emirati,joshua.hill247@example.com,308-629-7832x1001,Bl033352
248,Brent,Zamora,Male,2000-06-03,American,brent.zamora248@example.com,325-944-8671x205,ig993284
249,Christopher,Gibbs,Male,1994-07-28,Turkish,christopher.gibbs249@example.com,264.743.1145x3475,vJ282254
250,Christopher,Hill,Female,2003-09-03,Qatari,christopher.hill250@example.com,228.515.9439,mq180695
251,Thomas,Hernandez,Male,1973-02-27,German,thomas.hernandez251@example.com,856-490-4676x969,hi009043
252,Phillip,Long,Female,1979-09-06,Canadian,phillip.long252@example.com,+1-950-968-3209x357,wx667411
253,Roberto,Cole,Female,1955-12-18,British,roberto.cole253@example.com,(695)889-8625x3281,xz941728
254,Thomas,Brown,Female,1959-07-01,French,thomas.brown254@example.com,(365)992-7945x86264,GW396756
255,Daniel,Sharp,Female,1962-02-19,Egyptian,daniel.sharp255@example.com,+1-293-778-6438x6618,mu858733
256,Henry,Horton,Male,1973-04-20,Australian,henry.horton256@example.com,758-555-4639,Fm048607
257,Matthew,Mcdonald,Male,2008-06-12,Qatari,matthew.mcdonald257@example.com,258-484-9670x3087,Mi590925
258,Scott,Young,Female,1978-11-25,Saudi,scott.young258@example.com,972.594.0223x262,pf858352
259,Richard,Briggs,Male,2008-05-29,German,richard.briggs259@example.com,647.748.0150x8430,Md082969
260,Shaun,Morales,Female,1966-03-06,Indian,shaun.morales260@example.com,582.375.4128,dn368921
261,Tonya,Martinez,Female,2003-08-23,Canadian,tonya.martinez261@example.com,001-529-201-3359x529,Bo288702
262,Monica,Adams,Male,1980-05-06,German,monica.adams262@example.com,689.516.7641,bZ496597
263,Mark,Taylor,Female,1980-07-08,French,mark.taylor263@example.com,001-646-347-6952,Ji287828
264,Kyle,Contreras,Male,1992-01-03,British,kyle.contreras264@example.com,001-240-838-4432,Mi019526
265,Alexis,Williams,Female,1981-03-26,British,alexis.williams265@example.com,+1-297-753-3725x943,Lv819874
266,Crystal,Webb,Male,1992-08-20,Australian,crystal.webb266@example.com,+1-813-876-6644,Ts608932
267,Rebecca,Drake,Female,2004-08-08,Jordanian,rebecca.drake267@example.com,001-254-548-2727,bZ608091
268,Nancy,Vance,Male,1975-08-06,Egyptian,nancy.vance268@example.com,2358298956,eU832464
269,Cesar,Curry,Female,1963-09-22,Egyptian,cesar.curry269@example.com,990.274.4091,Xa535723
270,Amber,Rodriguez,Female,1976-11-16,Australian,amber.rodriguez270@example.com,+1-356-277-3675,ln185016
271,Amy,Reyes,Male,1981-10-24,Qatari,amy.reyes271@example.com,729-415-0295x224,lV316424
272,Patrick,Ayers,Male,1986-04-06,German,patrick.ayers272@example.com,697.351.6975,Ii973547
273,Ronald,Wheeler,Female,1956-03-14,British,ronald.wheeler273@example.com,221.401.4301,OZ077145
274,Kelsey,Walker,Female,1996-01-24,Emirati,kelsey.walker274@example.com,551-882-5368x03548,Fe215829
275,Katherine,Acevedo,Female,1971-02-09,Italian,katherine.acevedo275@example.com,001-544-390-4314x5989,jZ527499
276,Martin,Carter,Female,1973-11-04,French,martin.carter276@example.com,001-412-609-1777x920,Tk875035
277,Taylor,Zamora,Male,1985-03-21,Canadian,taylor.zamora277@example.com,+1-871-639-5520,DB737423
278,Darrell,Brown,Female,1957-12-17,British,darrell.brown278@example.com,001-957-919-7827x43560,vK434925
279,Austin,Ross,Male,1990-04-23,Indian,austin.ross279@example.com,(883)924-3193,zC457656
280,Erica,Boyd,Female,1990-05-06,Qatari,erica.boyd280@example.com,551.310.0478x669,lM520500
281,Charles,Thomas,Female,2004-09-17,Indian,charles.thomas281@example.com,401.656.8894x767,yo979270
282,Arthur,Ayers,Male,1963-02-12,Saudi,arthur.ayers282@example.com,834-323-4115x38844,iu138146
283,Michael,Simon,Male,2004-08-31,Spanish,michael.simon283@example.com,855.845.2709x755,aP147512
284,Carla,Nelson,Female,1969-11-10,Canadian,carla.nelson284@example.com,+1-582-741-0472x84981,OQ423418
285,David,Hayes,Female,1976-04-13,American,david.hayes285@example.com,793.486.0248,Ip274628
286,Darrell,Sanders,Female,1979-04-11,Egyptian,darrell.sanders286@example.com,(350)706-5290x745,Se749217
287,Andrew,Nguyen,Male,1980-09-21,Italian,andrew.nguyen287@example.com,675-742-0396x3810,sK186583
288,Tyler,Hurst,Male,1976-03-07,Spanish,tyler.hurst288@example.com,(646)583-0038,tT325110
289,Patrick,Wright,Male,1972-02-28,Turkish,patrick.wright289@example.com,613.359.8256x359,BB542902
290,Michelle,Bradley,Female,2002-11-21,Emirati,michelle.bradley290@example.com,(296)933-8678x5307,uA200486
291,Christopher,Weber,Male,1983-05-22,Indian,christopher.weber291@example.com,+1-730-310-5684x99571,IJ956213
292,Courtney,Pope,Female,1985-02-08,Canadian,courtney.pope292@example.com,202.872.6369,EA497011
293,Timothy,Bradford,Male,2003-07-05,Spanish,timothy.bradford293@example.com,755-479-4427,Mc662528
294,David,Davis,Female,1963-02-01,Canadian,david.davis294@example.com,001-684-990-7970x26329,cZ601239
295,Robert,Turner,Male,1976-06-04,Canadian,robert.turner295@example.com,+1-245-850-5427,Zo263753
296,Roger,Olson,Male,1983-05-26,German,roger.olson296@example.com,+1-891-719-4463x1725,pA376316
297,Courtney,Smith,Female,1970-11-02,Italian,courtney.smith297@example.com,(482)499-8660,wi567025
298,Diana,Munoz,Female,1973-09-04,Jordanian,diana.munoz298@example.com,+1-377-211-3426,uF099295
299,David,Gomez,Male,1986-03-24,American,david.gomez299@example.com,307-539-9989x28688,sj845856
300,Katherine,Watts,Female,1961-04-12,Indian,katherine.watts300@example.com,900.305.9322x8642,tS097602
301,Sara,Arnold,Female,2003-07-11,French,sara.arnold301@example.com,568-511-0159,fn377612
302,Tiffany,Garcia,Female,1987-08-05,Emirati,tiffany.garcia302@example.com,350-482-7360,sD005675
303,Jenna,Taylor,Female,1968-01-03,Jordanian,jenna.taylor303@example.com,657-629-1508x74114,Lp368823
304,Susan,Romero,Male,1961-02-15,British,susan.romero304@example.com,(362)771-2888x89260,yX746557
305,Sandra,Edwards,Female,1996-06-28,British,sandra.edwards305@example.com,001-530-522-4323x2608,Mu747362
306,Lonnie,Reynolds,Female,1976-10-03,Jordanian,lonnie.reynolds306@example.com,895-631-9214x03172,Ab424936
307,Tara,Smith,Male,1968-07-28,Qatari,tara.smith307@example.com,332-568-5492x4832,vk907684
308,Autumn,Davis,Female,1985-10-30,Australian,autumn.davis308@example.com,+1-468-208-2085,JO866272
309,Sarah,Francis,Female,1956-12-11,Qatari,sarah.francis309@example.com,001-254-576-3520,nE687150
310,Erik,Chandler,Female,2006-10-24,Qatari,erik.chandler310@example.com,(206)878-2512x0336,Rm449414
311,Michael,Stewart,Female,1976-06-04,American,michael.stewart311@example.com,6575757012,rV482240
312,Caleb,Richards,Female,1959-05-12,American,caleb.richards312@example.com,(543)251-0464x5697,Au695956
313,Karen,Perez,Female,1997-12-05,Canadian,karen.perez313@example.com,402.622.5921x99397,Ew944730
314,Brendan,Campbell,Female,1957-11-17,Emirati,brendan.campbell314@example.com,216.396.3894,yj762122
315,Linda,Moore,Female,1988-02-18,German,linda.moore315@example.com,698-487-4758x466,ul546372
316,Craig,Hester,Male,1995-12-29,Turkish,craig.hester316@example.com,001-628-275-2383x069,ld691616
317,William,Thompson,Female,1960-09-05,Saudi,william.thompson317@example.com,001-283-730-6973x74839,dm585242
318,Christopher,Ford,Male,1983-04-15,American,christopher.ford318@example.com,+1-479-999-3261,Hi465976
319,Elizabeth,Griffin,Male,1994-03-15,Spanish,elizabeth.griffin319@example.com,(378)471-1249,Fq289846
320,James,Jones,Female,1992-10-13,Saudi,james.jones320@example.com,+1-305-545-1206,hf162232
321,Devin,Snyder,Male,2004-07-22,American,devin.snyder321@example.com,001-902-499-8651,la152004
322,Krystal,Mccarty,Female,1964-08-05,Italian,krystal.mccarty322@example.com,869.431.3870,Jx083249
323,Jodi,Bush,Male,2008-07-23,American,jodi.bush323@example.com,+1-226-278-0459x202,BX418839
324,Chad,Wagner,Female,1995-08-18,Egyptian,chad.wagner324@example.com,5918915549,US779572
325,Sandra,Tate,Male,1988-01-14,Emirati,sandra.tate325@example.com,513.429.9200x88342,yY602018
326,Theresa,Wallace,Female,1963-08-18,Spanish,theresa.wallace326@example.com,001-453-221-5188x32651,mc685471
327,Yvette,Cowan,Female,1961-04-09,Qatari,yvette.cowan327@example.com,+1-920-739-7126,Rl491321
328,Kevin,Allen,Female,1965-06-05,French,kevin.allen328@example.com,+1-870-702-8610x7268,eP316951
329,Brittany,Cobb,Male,1959-04-13,British,brittany.cobb329@example.com,(667)211-5243x31761,EY434476
330,Theodore,Brown,Male,1966-10-09,Saudi,theodore.brown330@example.com,252.458.0253,Rx894632
331,Edwin,Sullivan,Male,1972-02-21,American,edwin.sullivan331@example.com,407.207.6127x8283,yk064485
332,Holly,Harris,Male,1989-03-23,Italian,holly.harris332@example.com,001-746-353-3152x567,Lv902813
333,Jason,Hall,Female,1987-05-09,German,jason.hall333@example.com,404.317.2010x933,jf876190
334,Emily,Clark,Female,1983-06-26,Italian,emily.clark334@example.com,366.416.8960,oq974117
335,Amanda,Cook,Female,1962-11-30,Saudi,amanda.cook335@example.com,420.947.1828x6038,bq460762
336,Kathryn,Johnson,Male,1990-02-15,Emirati,kathryn.johnson336@example.com,(698)442-9649x99526,ut156611
337,Cassandra,Guerrero,Female,1999-09-18,Qatari,cassandra.guerrero337@example.com,001-797-793-6806x1683,to258032
338,Lisa,Carter,Female,1984-07-13,Indian,lisa.carter338@example.com,5658368040,Qz727759
339,Monique,Cook,Male,1986-08-13,Canadian,monique.cook339@example.com,502-235-3146,YR321369
340,Savannah,Sanders,Female,1990-04-22,Canadian,savannah.sanders340@example.com,843-374-7379x637,wD630197
341,Amber,Gutierrez,Male,1970-01-10,Spanish,amber.gutierrez341@example.com,849.214.7912,NL703592
342,Lisa,Schmidt,Female,1973-03-20,Saudi,lisa.schmidt342@example.com,(730)807-6136x767,ru939213
343,Judith,Farmer,Female,1983-12-02,Jordanian,judith.farmer343@example.com,(452)509-3003,MY055645
344,Joann,Freeman,Female,1985-07-09,Spanish,joann.freeman344@example.com,+1-989-778-4032x99101,Mg900894
345,David,Garza,Male,1962-06-27,Saudi,david.garza345@example.com,001-598-788-9159x40844,sM091146
346,Steven,Hughes,Female,1982-10-03,Indian,steven.hughes346@example.com,840-995-6888,hh114887
347,Christina,Clay,Male,1966-08-24,Egyptian,christina.clay347@example.com,(201)950-7754,Jl920759
348,Brenda,Johnson,Male,1985-08-28,Italian,brenda.johnson348@example.com,+1-473-844-4708x2314,vG307532
349,Andrew,Olsen,Male,2008-01-31,French,andrew.olsen349@example.com,001-852-230-9134x391,oy513391
350,Cindy,Shea,Female,1956-07-26,American,cindy.shea350@example.com,497.600.5924,kY711632
351,Jeffrey,Floyd,Female,1985-05-15,British,jeffrey.floyd351@example.com,(840)456-3700,hE227568
352,Michael,Lucas,Male,2008-08-14,Egyptian,michael.lucas352@example.com,+1-993-671-7622x2235,yF739097
353,Tommy,Clay,Male,1982-06-04,French,tommy.clay353@example.com,609.928.6071,EB489883
354,Kelly,Reed,Male,1977-11-19,Turkish,kelly.reed354@example.com,636.471.8476,CK087413
355,Gordon,Martin,Female,1957-11-30,Emirati,gordon.martin355@example.com,5718582708,qf887781
356,Cindy,Kim,Female,1996-10-26,British,cindy.kim356@example.com,927-631-8650,jM600811
357,Maria,Porter,Male,1962-07-01,German,maria.porter357@example.com,503-476-7335,oH269356
358,Edward,Morgan,Female,1970-11-18,German,edward.morgan358@example.com,+1-644-276-8883x339,sO612898
359,Cynthia,Hudson,Female,1981-06-26,Spanish,cynthia.hudson359@example.com,408-733-5565x7923,bC887276
360,Steve,Ramirez,Male,1973-08-28,American,steve.ramirez360@example.com,001-430-392-3962x8051,Lz871517
361,Anna,Coleman,Female,2006-08-14,Qatari,anna.coleman361@example.com,356.221.1409,IK005775
362,Misty,Johnson,Male,1956-03-29,American,misty.johnson362@example.com,490.485.6385,Az879805
363,Alexander,Murray,Female,1989-08-15,French,alexander.murray363@example.com,9503697266,kJ926700
364,Gordon,Nielsen,Female,1956-02-16,Saudi,gordon.nielsen364@example.com,8787262846,XL295507
365,Patricia,Williams,Male,1975-12-01,Saudi,patricia.williams365@example.com,918-258-5679x2522,Sx384172
366,Jeffrey,Jackson,Male,1990-12-31,Jordanian,jeffrey.jackson366@example.com,(897)609-8175,vz138870
367,Michael,Fox,Female,1980-12-12,American,michael.fox367@example.com,743-464-9082x12178,hW811844
368,John,Kennedy,Male,1978-07-23,Canadian,john.kennedy368@example.com,001-252-227-2617x552,Vj974672
369,Amanda,Whitaker,Male,1991-02-07,American,amanda.whitaker369@example.com,+1-413-268-2209x1788,kB314651
370,Rita,Johnson,Male,2008-07-09,Australian,rita.johnson370@example.com,001-729-418-0201x063,hj705642
371,Robert,Mcmahon,Female,1983-05-17,Saudi,robert.mcmahon371@example.com,001-647-987-2513,OH145674
372,Taylor,Mullins,Female,2001-12-10,Italian,taylor.mullins372@example.com,+1-800-422-6268x6758,Ij924026
373,William,Hall,Female,1981-01-15,British,william.hall373@example.com,3484692551,HH931957
374,Christine,Simpson,Male,1972-11-16,Qatari,christine.simpson374@example.com,966-243-1610,wj705088
375,Erin,Mata,Female,1990-01-18,French,erin.mata375@example.com,+1-529-728-4227x8232,cj317278
376,Christopher,Sharp,Male,1982-04-27,Australian,christopher.sharp376@example.com,001-367-494-6776x177,On006691
377,Kathryn,Curry,Male,1992-08-05,American,kathryn.curry377@example.com,001-320-663-9906,Mc738876
378,Christine,Scott,Male,1994-02-13,Jordanian,christine.scott378@example.com,7919310975,RQ406720
379,Larry,Lewis,Female,1968-06-15,Saudi,larry.lewis379@example.com,913.630.7998,Wp709004
380,Brittany,Mcdonald,Male,1980-07-08,Indian,brittany.mcdonald380@example.com,789-647-0433x67603,PC194662
381,Bryan,Perry,Male,2007-04-05,Turkish,bryan.perry381@example.com,701.842.4647,tE680999
382,Clifford,Neal,Male,1974-04-22,Saudi,clifford.neal382@example.com,730-588-2814x18777,dn224896
383,Alan,Anderson,Female,1960-12-07,Indian,alan.anderson383@example.com,+1-218-406-3364x431,ju644557
384,Edward,Wheeler,Female,1981-09-27,Jordanian,edward.wheeler384@example.com,607-236-2824,jx886551
385,Andrea,Romero,Male,2007-04-05,Jordanian,andrea.romero385@example.com,496.536.5306,tu596621
386,Patricia,Perkins,Male,2003-10-10,British,patricia.perkins386@example.com,574-521-4463x9882,Zm802161
387,Susan,Stewart,Male,1996-04-02,Saudi,susan.stewart387@example.com,713.927.9783x959,RS163059
388,Eric,Garcia,Female,1976-04-08,Australian,eric.garcia388@example.com,869-297-8755,eE204294
389,Joseph,Boyd,Female,1984-02-06,Egyptian,joseph.boyd389@example.com,667-577-3638,Tg458855
390,Rachael,Grant,Female,1970-12-03,Jordanian,rachael.grant390@example.com,001-638-233-9118x3636,bh021579
391,Christopher,Solomon,Male,1958-10-21,Jordanian,christopher.solomon391@example.com,(499)882-9329,wk624202
392,Wayne,Garcia,Male,1988-01-29,Jordanian,wayne.garcia392@example.com,(512)858-3042x71760,lQ857980
393,Jonathan,Thomas,Male,1999-07-15,Qatari,jonathan.thomas393@example.com,(692)703-8342x7935,Ie462089
394,William,Gonzalez,Female,1990-02-09,French,william.gonzalez394@example.com,744-544-0605x0720,RM798735
395,Makayla,Gonzalez,Female,1988-05-12,Turkish,makayla.gonzalez395@example.com,(261)739-3644x90344,wU813513
396,Lindsay,Conrad,Male,1975-04-14,Egyptian,lindsay.conrad396@example.com,001-549-351-9123x314,jp357811
397,Alexis,Rojas,Female,1959-07-16,Saudi,alexis.rojas397@example.com,3576661720,zj970364
398,Jacob,White,Male,1961-11-06,Canadian,jacob.white398@example.com,809.872.0564x1858,on327707
399,Andrew,Malone,Female,1996-06-29,Emirati,andrew.malone399@example.com,546-704-4674x968,hY929539
400,Andrea,Roberts,Female,1999-01-18,Spanish,andrea.roberts400@example.com,832.418.3897,Lg094454
401,Valerie,Schmidt,Female,1989-12-06,Saudi,valerie.schmidt401@example.com,873.901.7435,OM447489
402,Brian,Green,Male,1959-07-14,American,brian.green402@example.com,655.647.9396,yt688908
403,Brian,Lucero,Male,1987-07-21,Emirati,brian.lucero403@example.com,889-266-0051,pY231972
404,James,Silva,Male,1967-04-18,Spanish,james.silva404@example.com,001-802-799-0189,Zp475159
405,David,Brown,Male,1985-12-02,French,david.brown405@example.com,739-426-6041x23272,ra317859
406,Sonia,Clark,Male,1968-07-06,Turkish,sonia.clark406@example.com,381.493.1217x768,Rf716019
407,Michael,Hartman,Male,2002-08-29,Spanish,michael.hartman407@example.com,(398)313-5409x6443,MY237494
408,David,Oconnell,Female,1987-08-02,French,david.oconnell408@example.com,001-557-432-2879x909,ab788121
409,James,Lopez,Male,1993-06-15,Egyptian,james.lopez409@example.com,694-409-4583,pw173825
410,Rachel,Ford,Female,1970-07-26,French,rachel.ford410@example.com,814.445.9239,qU203465
411,Catherine,Munoz,Female,1988-05-16,Emirati,catherine.munoz411@example.com,9532047388,Bb937239
412,Thomas,Henderson,Male,1984-10-29,Egyptian,thomas.henderson412@example.com,001-472-424-1971x4264,Tz844448
413,Edward,Neal,Female,1981-05-02,Turkish,edward.neal413@example.com,+1-350-720-8238x0207,IW281923
414,Brandon,Dean,Female,1983-03-20,Qatari,brandon.dean414@example.com,001-305-953-2769x84559,Pz918742
415,Scott,Long,Male,2005-11-05,Canadian,scott.long415@example.com,001-655-420-3178x04151,MZ539915
416,Andrea,Lloyd,Male,1988-11-28,British,andrea.lloyd416@example.com,(358)607-2054x0004,bx527387
417,Mark,Baker,Male,1959-11-28,Saudi,mark.baker417@example.com,575.305.4041,Rn659070
418,Michael,Wilson,Female,1973-11-08,Italian,michael.wilson418@example.com,001-729-766-7837x118,ZO458682
419,Ashlee,Beasley,Female,1972-04-28,Jordanian,ashlee.beasley419@example.com,970-993-5640x92741,hm967351
420,Andrea,Roberts,Female,1980-06-14,Emirati,andrea.roberts420@example.com,001-719-212-4500x5673,GN890750
421,Sean,Ross,Female,1966-09-23,Spanish,sean.ross421@example.com,912-882-3731,DS407341
422,Jose,Nunez,Female,1960-07-30,American,jose.nunez422@example.com,993-769-6329x5573,SU811454
423,Katherine,Campbell,Male,1997-01-04,Australian,katherine.campbell423@example.com,+1-295-278-3883x65763,IG590283
424,Kelly,Lewis,Male,1958-01-09,Qatari,kelly.lewis424@example.com,421.452.2018x176,kO593654
425,Teresa,Cook,Male,1992-07-21,Italian,teresa.cook425@example.com,(587)297-4556,jP394771
426,Evan,Herman,Male,1971-04-09,American,evan.herman426@example.com,(913)479-7725x350,OS203019
427,Christopher,Gardner,Female,1987-11-07,Turkish,christopher.gardner427@example.com,841.870.1281,ei305626
428,Vanessa,Garcia,Male,1969-01-02,Saudi,vanessa.garcia428@example.com,325-493-0221,fx190244
429,Walter,Roach,Male,1982-09-18,French,walter.roach429@example.com,001-820-837-6891x115,pz258011
430,Daniel,Jennings,Female,1971-12-16,Turkish,daniel.jennings430@example.com,+1-371-335-5762x1298,DV147730
431,Joe,Hart,Male,1991-03-07,American,joe.hart431@example.com,+1-915-511-7624,dV983716
432,Cynthia,Valdez,Female,1957-10-03,Italian,cynthia.valdez432@example.com,297.620.6351,zg473138
433,Brandon,Raymond,Female,1990-03-18,Qatari,brandon.raymond433@example.com,2328977687,Gp622515
434,John,May,Male,1976-06-11,Italian,john.may434@example.com,658.488.4483x3795,KZ854240
435,Richard,Oliver,Female,2008-01-28,Turkish,richard.oliver435@example.com,+1-259-321-8765x264,hd134933
436,Steven,Allison,Male,1985-10-19,Italian,steven.allison436@example.com,+1-317-547-2610x566,sO022266
437,Colleen,Hawkins,Male,1994-12-29,French,colleen.hawkins437@example.com,(752)844-4358,qi363176
438,Christina,Green,Male,1969-02-27,Spanish,christina.green438@example.com,(598)636-1481x22154,pk140127
439,Christopher,Rivera,Female,1956-03-09,Spanish,christopher.rivera439@example.com,001-785-676-8402x42073,yp479143
440,Kevin,Watts,Female,1976-03-24,Qatari,kevin.watts440@example.com,430-209-1633,vY366462
441,Aaron,Smith,Female,1992-08-14,Jordanian,aaron.smith441@example.com,229.590.4437x375,VB703137
442,Jeffrey,Barajas,Female,1982-10-10,Jordanian,jeffrey.barajas442@example.com,833-937-0681x9608,lQ369528
443,Marcus,Bender,Female,1982-04-07,Qatari,marcus.bender443@example.com,(427)928-0440x344,FH118669
444,William,Mendoza,Male,1973-07-20,Egyptian,william.mendoza444@example.com,953.855.5061x0455,zi101484
445,Jennifer,Tran,Male,1982-08-25,Canadian,jennifer.tran445@example.com,+1-649-397-7394,eg127270
446,Amber,Gutierrez,Female,1977-06-17,French,amber.gutierrez446@example.com,396.693.0198,BO159229
447,Michael,Hill,Male,1987-09-15,Jordanian,michael.hill447@example.com,001-401-230-0958,sH593446
448,Bradley,Ramirez,Female,1957-08-14,Spanish,bradley.ramirez448@example.com,+1-264-722-7668x66054,Fj045477
449,John,Gonzalez,Female,1976-08-17,Jordanian,john.gonzalez449@example.com,219.241.9437x0280,Pg136236
450,Jessica,Marsh,Female,1976-11-10,French,jessica.marsh450@example.com,001-554-730-2583x47709,oU692240
451,Justin,Cobb,Female,2005-03-06,Australian,justin.cobb451@example.com,506.508.0610x6811,si054856
452,Michael,Haynes,Male,1958-01-09,Canadian,michael.haynes452@example.com,001-670-297-0786x9564,kh975774
453,Zachary,Bender,Male,1967-03-20,British,zachary.bender453@example.com,696-625-3224x8599,LB410861
454,Joseph,Ward,Male,1985-02-13,Emirati,joseph.ward454@example.com,258.563.0345,wA843420
455,Ryan,Morales,Female,1977-04-30,Italian,ryan.morales455@example.com,854-645-4879x5788,NO482021
456,Michelle,Meadows,Male,2000-01-31,Australian,michelle.meadows456@example.com,695.901.1265x3357,Xk152359
457,Natalie,Foster,Male,2001-09-09,British,natalie.foster457@example.com,+1-874-969-8914,iX769718
458,Kristen,Hernandez,Male,2000-01-04,German,kristen.hernandez458@example.com,001-516-933-7545x4863,EL803105
459,Donna,Michael,Male,1990-12-28,French,donna.michael459@example.com,001-776-953-0004x00755,Mh835591
460,Christopher,Stone,Female,1964-06-04,Indian,christopher.stone460@example.com,822.507.4880,Qe480502
461,Charles,Howell,Male,1991-11-10,French,charles.howell461@example.com,478-554-8073x4977,RJ660895
462,Kiara,Escobar,Female,1979-06-15,French,kiara.escobar462@example.com,(701)327-5828x687,kN329742
463,Crystal,Phillips,Male,1980-09-20,Qatari,crystal.phillips463@example.com,782.824.1715,Lq484903
464,Christopher,Moore,Male,1995-03-10,Canadian,christopher.moore464@example.com,2924701512,Rf304699
465,Tiffany,Simmons,Male,1985-01-29,Australian,tiffany.simmons465@example.com,001-606-591-1781x8810,zC845591
466,Mary,Estrada,Female,1962-08-24,Qatari,mary.estrada466@example.com,723.856.6404x599,KO711616
467,Christopher,Shannon,Female,1977-05-27,Indian,christopher.shannon467@example.com,(509)425-1147x95743,rw924576
468,Michelle,Bray,Female,2003-10-24,Emirati,michelle.bray468@example.com,(809)537-0554,Rn782144
469,John,Wolfe,Male,2007-06-11,French,john.wolfe469@example.com,+1-997-504-1490x905,qK495774
470,Teresa,Leblanc,Male,1997-05-31,French,teresa.leblanc470@example.com,707.632.2550x46363,dn773859
471,Tamara,Robinson,Male,2008-05-13,German,tamara.robinson471@example.com,001-449-206-2961x9531,jH592719
472,Monique,Taylor,Male,1960-08-22,Indian,monique.taylor472@example.com,001-917-225-4068,hv391759
473,Brianna,Arnold,Male,2002-04-30,Australian,brianna.arnold473@example.com,350.398.8853,Hm612211
474,Ana,Randall,Male,1963-05-17,Canadian,ana.randall474@example.com,(952)559-0484,Zu193686
475,Douglas,Bauer,Male,1985-05-05,American,douglas.bauer475@example.com,551-329-1757x99280,wm487721
476,Gina,Ward,Male,1959-02-17,Saudi,gina.ward476@example.com,001-720-451-0476x527,ND919063
477,Randall,Mason,Female,1970-12-15,Turkish,randall.mason477@example.com,+1-424-816-8491,XS556810
478,Natalie,Dyer,Male,2008-09-04,British,natalie.dyer478@example.com,811.644.4984x04617,LJ797965
479,Sierra,White,Male,1987-07-14,French,sierra.white479@example.com,875-848-8436x410,RN698705
480,Abigail,Melton,Female,1985-12-23,Australian,abigail.melton480@example.com,785.720.1213x2211,pl111671
481,Jeff,Delgado,Female,1962-04-12,Turkish,jeff.delgado481@example.com,+1-373-420-7169x076,cB947581
482,Rhonda,Mason,Female,1976-09-18,Jordanian,rhonda.mason482@example.com,+1-352-793-6296x093,TC197722
483,Christopher,Jackson,Female,1963-01-01,French,christopher.jackson483@example.com,(419)249-7635x5706,Zo621144
484,Margaret,Parsons,Female,1994-02-25,American,margaret.parsons484@example.com,(258)595-9937,qB838779
485,Brittany,Harris,Male,1968-01-14,Canadian,brittany.harris485@example.com,(881)809-5826x50224,rQ002340
486,Duane,Rhodes,Male,2007-05-21,British,duane.rhodes486@example.com,+1-685-426-7485x82292,ds454200
487,Christopher,Scott,Male,1995-11-14,Egyptian,christopher.scott487@example.com,+1-424-324-1478x2802,hn109854
488,Jessica,Gomez,Female,1982-05-22,Qatari,jessica.gomez488@example.com,(568)997-1408x30551,nZ133151
489,Jason,Atkinson,Female,1981-01-08,Australian,jason.atkinson489@example.com,001-312-802-9497x143,lh250920
490,Joshua,Jones,Male,1982-12-11,Qatari,joshua.jones490@example.com,+1-952-347-6565x2273,GK199293
491,Kimberly,Soto,Female,2008-07-19,Saudi,kimberly.soto491@example.com,512-954-7186x97795,Ji274985
492,Jacob,Cunningham,Male,1969-12-02,British,jacob.cunningham492@example.com,879-965-4556x796,Um086558
493,Melinda,Thornton,Male,1987-09-17,Indian,melinda.thornton493@example.com,+1-954-621-9789x98458,bL103972
494,Morgan,Wilson,Female,2000-04-02,Qatari,morgan.wilson494@example.com,705.481.6213x73074,cn385473
495,William,Park,Male,1959-11-24,Turkish,william.park495@example.com,+1-564-284-2782x4445,Mv623072
496,James,Griffin,Female,1984-06-12,Canadian,james.griffin496@example.com,669.799.4622x365,IG095549
497,Brent,Beltran,Female,1958-12-16,Turkish,brent.beltran497@example.com,001-656-713-1886,QS831134
498,Heather,Walker,Female,1980-02-19,Egyptian,heather.walker498@example.com,001-597-453-4963,qT102365
499,John,Doyle,Female,2008-04-02,Jordanian,john.doyle499@example.com,331-727-2501x80651,ma261310
500,Nathan,Sims,Male,1960-05-23,Turkish,nathan.sims500@example.com,(486)304-8191x72457,BO984077
